Run Id,Source,Key,Distance,Duration (ms),Duration,Speed,HR Average,HR Max,HR Min,Start Date,Start Date (utc),Created Date (utc),Updated Date (utc),Is Deleted,Is Manual Edit,Elevation Gained,Elevation Lost,Hill Difficulty,SPI,Description,Tags
19964789,GarminPush,46742|2020-04-19T07:23:22,10.01985,2886885,48:06,12.4949417798076,159,172,90,19/04/20 9:23,19/04/20 7:23,19/04/20 8:13,19/04/20 8:13,False,False,24,25,2,618,,
19952133,GarminPush,46742|2020-04-18T07:15:04,6.22341,2167513,36:07,10.3363975210299,150,162,106,18/04/20 9:15,18/04/20 7:15,18/04/20 7:52,18/04/20 7:52,False,False,26,30,2,462,,
19938563,GarminPush,46742|2020-04-17T05:18:20,8.40061,2885140,48:05,10.4820549436076,143,153,97,17/04/20 7:18,17/04/20 5:18,17/04/20 6:08,17/04/20 6:08,False,False,34,35,2,487,,
19924588,GarminPush,46742|2020-04-16T05:05:06,7.33973,2254411,37:34,11.7205904335988,154,168,76,16/04/20 7:05,16/04/20 5:05,16/04/20 5:44,16/04/20 5:44,False,False,109,56,2,553,,
19915217,GarminPush,46742|2020-04-15T06:02:40,10.52589,3656443,1:00:56,10.3634061846445,144,157,105,15/04/20 8:03,15/04/20 6:03,15/04/20 7:05,15/04/20 7:05,False,False,51,50,2,492,,
19895676,GarminPush,46742|2020-04-14T04:59:39,8.27888,2999368,49:59,9.93674934186135,161,184,102,14/04/20 7:00,14/04/20 5:00,14/04/20 5:51,14/04/20 5:51,False,False,43,41,2,453,,
19869587,GarminPush,46742|2020-04-13T06:30:31,9.03743,3241409,54:01,10.0372239356403,143,170,72,13/04/20 8:31,13/04/20 6:31,13/04/20 7:26,13/04/20 7:26,False,False,35,42,2,464,,
19852338,GarminPush,46742|2020-04-12T06:29:40,10.01278,2993102,49:53,12.0430269332619,158,174,130,12/04/20 8:30,12/04/20 6:30,12/04/20 7:21,12/04/20 7:21,False,False,27,28,2,591,,
19840927,GarminPush,46742|2020-04-11T07:03:32,7.73544,2561298,42:41,10.8724498281731,156,169,95,11/04/20 9:04,11/04/20 7:04,11/04/20 7:47,11/04/20 7:47,False,False,31,34,2,506,,
19831231,GarminPush,46742|2020-04-10T05:13:03,6.29548,2239966,37:19,10.117889289391,140,152,84,10/04/20 7:13,10/04/20 5:13,10/04/20 5:52,10/04/20 5:52,False,False,21,27,2,450,,
19811550,GarminPush,46742|2020-04-09T06:05:11,10.05057,3292614,54:52,10.9888532333277,154,176,87,9/04/20 8:05,9/04/20 6:05,9/04/20 7:02,9/04/20 7:02,False,False,50,60,2,527,,
19793256,GarminPush,46742|2020-04-08T05:18:19,8.35939,2606859,43:26,11.5440858136171,162,175,74,8/04/20 7:18,8/04/20 5:18,8/04/20 6:03,8/04/20 6:03,False,False,29,34,2,550,,
19785561,GarminPush,46742|2020-04-07T05:41:49,6.93256,2356354,39:16,10.5914544249294,153,167,76,7/04/20 7:42,7/04/20 5:42,7/04/20 6:22,7/04/20 6:22,False,False,41,45,2,483,,
19773115,GarminPush,46742|2020-04-06T05:08:48,7.92465,2707468,45:07,10.5370552856026,149,162,121,6/04/20 7:09,6/04/20 5:09,6/04/20 5:56,6/04/20 5:56,False,False,35,34,2,487,,
19755123,GarminPush,46742|2020-04-05T05:50:51,9.80654,3061453,51:01,11.5316302422412,160,176,80,5/04/20 7:51,5/04/20 5:51,5/04/20 6:43,5/04/20 6:43,False,False,73,74,2,559,,
19746235,GarminPush,46742|2020-04-04T06:05:38,9.30807,2897460,48:17,11.5649748400323,158,182,74,4/04/20 8:06,4/04/20 6:06,4/04/20 7:01,4/04/20 7:01,False,False,44,51,2,558,,
19732360,GarminPush,46742|2020-04-02T07:40:27,6.35512,2017760,33:37,11.3385298548886,164,177,79,2/04/20 9:40,2/04/20 7:40,2/04/20 8:16,2/04/20 8:16,False,False,37,41,2,522,,
19725464,GarminPush,46742|2020-04-01T05:21:57,10.35683,3407043,56:47,10.9433863910728,164,175,91,1/04/20 7:22,1/04/20 5:22,1/04/20 6:21,1/04/20 6:21,False,False,64,63,2,526,,
19685999,GarminPush,46742|2020-03-29T06:00:44,10.58611,3367781,56:07,11.3160552898184,158,174,86,29/03/20 8:01,29/03/20 6:01,29/03/20 6:58,29/03/20 6:58,False,False,65,65,2,550,,
19663287,GarminPush,46742|2020-03-26T06:06:20,8.3448,2636297,43:56,11.3952563007886,161,175,92,26/03/20 7:06,26/03/20 6:06,26/03/20 6:52,26/03/20 6:52,False,False,59,61,2,541,,
19646165,GarminPush,46742|2020-03-24T06:05:45,7.03168,2373203,39:33,10.6666172257493,160,179,88,24/03/20 7:06,24/03/20 6:06,24/03/20 6:47,24/03/20 6:47,False,False,42,47,2,488,,
19625364,GarminPush,46742|2020-03-22T06:13:57,5.93161,1995487,33:15,10.7010449078345,159,182,85,22/03/20 7:14,22/03/20 6:14,22/03/20 6:48,22/03/20 6:48,False,False,33,35,2,481,,
19600738,GarminPush,46742|2020-03-19T05:45:17,6.05731,2142256,35:42,10.1791363870611,146,161,90,19/03/20 6:45,19/03/20 5:45,19/03/20 6:29,19/03/20 6:29,False,False,31,32,2,451,,
19593101,GarminPush,46742|2020-03-18T05:33:14,11.38226,3796908,1:03:16,10.7919749438227,152,166,92,18/03/20 6:33,18/03/20 5:33,18/03/20 6:41,18/03/20 6:41,False,False,70,66,2,523,,
19564477,GarminPush,46742|2020-03-15T06:48:15,15.07109,4637419,1:17:17,11.6995949686668,161,177,96,15/03/20 7:48,15/03/20 6:48,15/03/20 16:18,15/03/20 16:18,False,False,60,59,2,594,bonne sortie bonne meteo pas de douleurs,
19557715,GarminPush,46742|2020-03-14T09:28:43,6.6918,2277594,37:57,10.5771616890455,150,165,77,14/03/20 10:29,14/03/20 9:29,15/03/20 16:18,15/03/20 16:18,False,False,37,36,2,480,,
19541371,GarminPush,46742|2020-03-12T11:02:48,10.71468,3624800,1:00:24,10.641372765394,150,166,97,12/03/20 12:03,12/03/20 11:03,12/03/20 12:58,12/03/20 12:58,False,False,19,24,2,510,toujours petite douleur à la fesse. sortie un peu dure.,
19533824,GarminPush,46742|2020-03-11T11:18:52,8.45392,2686849,44:46,11.3270645280029,158,176,96,11/03/20 12:19,11/03/20 11:19,11/03/20 16:06,11/03/20 16:06,False,False,36,40,2,538,douleur fesse droite avant la sortie. Gros vent de face au retour.,
19527928,GarminPush,46742|2020-03-10T10:57:04,10.35969,3777784,1:02:57,9.87215891644414,141,151,102,10/03/20 11:57,10/03/20 10:57,15/03/20 16:18,15/03/20 16:18,False,False,26,30,2,461,,
19508582,GarminPush,46742|2020-03-08T08:29:16,12.90735,4397888,1:13:17,10.565630593594,147,168,92,8/03/20 9:29,8/03/20 8:29,8/03/20 9:45,8/03/20 9:45,False,False,61,63,2,516,,
19497710,GarminPush,46742|2020-03-07T07:16:17,13.72997,4276397,1:11:16,11.5583029358593,160,179,103,7/03/20 8:16,7/03/20 7:16,7/03/20 8:46,7/03/20 8:46,False,False,67,76,2,581,,
19477325,GarminPush,46742|2020-03-04T10:54:58,13.18538,4512707,1:15:12,10.518601805967,148,162,99,4/03/20 11:55,4/03/20 10:55,4/03/20 12:13,4/03/20 12:13,False,False,73,65,2,514,,
19467779,GarminPush,46742|2020-03-03T06:31:02,10.31486,3366901,56:06,11.0289836261892,154,163,80,3/03/20 7:31,3/03/20 6:31,3/03/20 7:29,3/03/20 7:29,False,False,46,51,2,531,,
19444409,GarminPush,46742|2020-03-01T09:33:20,14.02292,4407709,1:13:27,11.4532315994545,161,176,104,1/03/20 10:33,1/03/20 9:33,1/03/20 17:17,1/03/20 17:17,False,False,87,78,2,575,,
19428272,GarminPush,46742|2020-02-28T06:45:15,12.57863,3981517,1:06:21,11.3733202696359,162,175,97,28/02/20 7:45,28/02/20 6:45,28/02/20 7:54,28/02/20 7:54,False,False,51,45,2,564,,
19410204,GarminPush,46742|2020-02-26T11:03:27,13.61312,4588825,1:16:28,10.6796907705131,148,162,85,26/02/20 12:03,26/02/20 11:03,26/02/20 12:43,26/02/20 12:43,False,False,45,51,2,526,"après 2j de pause pour reposer mes TA. pas de douleurs. Sous les giboulés pluie et grèle, bien mouillé",
19375670,GarminPush,46742|2020-02-23T07:58:37,12.91208,4088146,1:08:08,11.3703101601557,163,175,104,23/02/20 8:59,23/02/20 7:59,23/02/20 10:12,23/02/20 10:12,False,False,53,48,2,565,du vent au retour,
19368734,GarminPush,46742|2020-02-22T08:53:24,11.26541,3567456,59:27,11.3681783321224,161,177,105,22/02/20 9:53,22/02/20 8:53,22/02/20 9:57,22/02/20 9:57,False,False,48,47,2,557,,
19339596,GarminPush,46742|2020-02-19T10:57:06,10.26079,3522411,58:42,10.4868069058381,149,164,110,19/02/20 11:57,19/02/20 10:57,23/02/20 10:13,23/02/20 10:13,False,False,24,30,2,498,sortie écourtée car douleurs talon gauche,
19327456,GarminPush,46742|2020-02-18T11:01:28,11.27243,3958897,1:05:58,10.2505187682327,143,160,58,18/02/20 12:01,18/02/20 11:01,23/02/20 10:13,23/02/20 10:13,False,False,27,24,2,489,douleur inhabituelle au talon gauche en début de sortie,
19301078,GarminPush,46742|2020-02-16T07:42:41,13.71886,4537709,1:15:37,10.8838834751193,157,167,103,16/02/20 8:43,16/02/20 7:43,16/02/20 9:00,16/02/20 9:00,False,False,93,84,2,539,,
19280242,GarminPush,46742|2020-02-14T11:00:57,12.13851,4149868,1:09:09,10.5301267413807,151,167,76,14/02/20 12:01,14/02/20 11:01,14/02/20 12:13,14/02/20 12:13,False,False,44,40,2,510,,
19262508,GarminPush,46742|2020-02-12T10:59:43,14.22516,4423824,1:13:43,11.5760880179682,161,178,83,12/02/20 12:00,12/02/20 11:00,12/02/20 13:18,12/02/20 13:18,False,False,50,57,2,584,,
19242525,GarminPush,46742|2020-02-10T10:57:52,11.04179,3526687,58:46,11.2713274526489,158,175,85,10/02/20 11:58,10/02/20 10:58,10/02/20 12:50,10/02/20 12:50,False,False,35,52,2,550,,
19214212,GarminPush,46742|2020-02-08T07:47:40,14.16188,5123563,1:25:23,9.95064723513696,157,181,115,8/02/20 8:48,8/02/20 7:48,8/02/20 9:18,8/02/20 9:18,False,False,246,222,3,483,,
19196514,GarminPush,46742|2020-02-06T10:51:01,12.03015,4498735,1:14:58,9.62682620781175,144,161,97,6/02/20 11:51,6/02/20 10:51,6/02/20 12:09,6/02/20 12:09,False,False,35,30,2,454,,
19183537,GarminPush,46742|2020-02-05T10:58:25,14.3977,4493341,1:14:53,11.5352295763887,158,177,91,5/02/20 11:58,5/02/20 10:58,5/02/20 12:17,5/02/20 12:17,False,False,55,52,2,582,,
19139205,GarminPush,46742|2020-02-02T07:53:49,15.77568,5114413,1:25:14,11.1043922342603,162,175,94,2/02/20 8:54,2/02/20 7:54,2/02/20 9:21,2/02/20 9:21,False,False,62,70,2,561,,
19105394,GarminPush,46742|2020-01-31T10:59:22,12.11126,4219809,1:10:19,10.3323482176563,159,180,91,31/01/20 11:59,31/01/20 10:59,31/01/20 12:12,31/01/20 12:12,False,False,112,107,3,498,,
19087101,GarminPush,46742|2020-01-29T10:54:37,13.85752,4844861,1:20:44,10.2969046996395,152,167,93,29/01/20 11:55,29/01/20 10:55,29/01/20 12:18,29/01/20 12:18,False,False,39,43,2,503,,
19066307,GarminPush,46742|2020-01-27T10:58:19,11.26541,4307575,1:11:47,9.41492045988752,143,164,85,27/01/20 11:58,27/01/20 10:58,27/01/20 12:13,27/01/20 12:13,False,False,45,39,2,438,,
19050083,GarminPush,46742|2020-01-26T08:14:03,13.72937,4418042,1:13:38,11.1872481067405,160,177,101,26/01/20 9:14,26/01/20 8:14,26/01/20 9:30,26/01/20 9:30,False,False,59,61,2,558,,
19028081,GarminPush,46742|2020-01-23T11:02:33,12.08632,4206499,1:10:06,10.3436972170919,152,162,96,23/01/20 12:03,23/01/20 11:03,23/01/20 12:15,23/01/20 12:15,False,False,31,23,2,498,,
18996568,GarminPush,46742|2020-01-21T11:00:36,11.27457,3806718,1:03:26,10.6623217165022,162,184,93,21/01/20 12:01,21/01/20 11:01,21/01/20 12:08,21/01/20 12:08,False,False,41,40,2,514,,
18965910,GarminPush,46742|2020-01-19T08:22:43,13.75351,4551578,1:15:51,10.8781253446607,156,167,100,19/01/20 9:23,19/01/20 8:23,19/01/20 9:41,19/01/20 9:41,False,False,59,66,2,539,,
18944292,GarminPush,46742|2020-01-17T10:53:28,10.85184,3682932,1:01:22,10.6074790411553,154,183,85,17/01/20 11:53,17/01/20 10:53,17/01/20 11:57,17/01/20 11:57,False,False,39,43,2,509,,
18917984,GarminPush,46742|2020-01-15T10:56:11,11.19266,3925382,1:05:25,10.2648802078371,157,190,91,15/01/20 11:56,15/01/20 10:56,15/01/20 12:04,15/01/20 12:04,False,False,25,33,2,490,,
18849044,GarminPush,46742|2020-01-12T08:33:33,13.53816,4647076,1:17:27,10.4877510073001,156,171,116,12/01/20 9:34,12/01/20 8:34,12/01/20 9:56,12/01/20 9:56,False,False,58,69,2,514,,
18786868,GarminPush,46742|2020-01-08T11:00:37,12.04066,4158033,1:09:18,10.4247311168526,166,190,86,8/01/20 12:01,8/01/20 11:01,8/01/20 12:12,8/01/20 12:12,False,False,33,32,2,503,,
18725465,GarminPush,46742|2020-01-05T08:43:32,12.67843,4202216,1:10:02,10.8614949826473,163,180,97,5/01/20 9:44,5/01/20 8:44,5/01/20 9:55,5/01/20 9:55,False,False,51,55,2,533,,
18563038,GarminPush,46742|2020-01-01T09:34:58,5.52363,2109983,35:09,9.42427877381003,160,177,108,1/01/20 10:35,1/01/20 9:35,1/01/20 10:47,1/01/20 10:47,False,False,36,36,2,402,"Super soleil, super température, petite brume, pas.de douleurs",
18517266,GarminPush,46742|2019-12-31T10:11:30,10.66314,3989706,1:06:29,9.62158715454221,150,168,92,31/12/19 11:12,31/12/19 10:12,31/12/19 15:31,31/12/19 15:31,False,False,35,36,2,448,"petites gènes intermittentes aux 2 TA. Bonne allure et bon cardio, trop chaud.",
18353689,GarminPush,46742|2019-12-29T09:50:25,8.62316,3059349,50:59,10.1470528534012,162,175,88,29/12/19 10:50,29/12/19 9:50,29/12/19 11:46,29/12/19 11:46,False,False,46,51,2,468,"un peu froid, légère douleur 1/10 au TA droit dans le dernier k",
18322910,GarminPush,46742|2019-12-26T09:39:54,8.59879,3141178,52:21,9.85478823549636,163,176,109,26/12/19 10:40,26/12/19 9:40,26/12/19 11:13,26/12/19 11:13,False,False,35,42,2,450,"cardio elevé, allure lente. gène TA droit tout du long.",
18294312,GarminPush,46742|2019-12-23T09:37:32,7.54034,2736415,45:36,9.91999532234694,160,176,97,23/12/19 10:38,23/12/19 9:38,23/12/19 22:24,23/12/19 22:24,False,False,27,31,2,447,quasiment aucune douleur sauf un peu après au pied droit,
18251234,GarminPush,46742|2019-12-17T10:51:50,11.26541,3814705,1:03:34,10.6313531452629,158,173,89,17/12/19 11:52,17/12/19 10:52,17/12/19 19:14,17/12/19 19:14,False,False,28,26,2,512,trop vite encore. Bonnes douleurs tendon d'achille avant et surtout apres.,
18233603,GarminPush,46742|2019-12-15T08:04:43,13.0878,4219981,1:10:19,11.1649981362475,167,186,134,15/12/19 9:05,15/12/19 8:05,17/12/19 19:14,17/12/19 19:14,False,False,32,45,2,554,bonne sortie boueuse,
18206585,GarminPush,46742|2019-12-11T10:52:52,10.36811,3706853,1:01:46,10.0692409437331,157,177,87,11/12/19 11:53,11/12/19 10:53,11/12/19 17:31,11/12/19 17:31,False,False,31,29,2,473,"reprise en douceur, sans forcer du tout, legère douleur au TA gauche en fin de sortie et après aussi.",
17875847,GarminPush,46742|2019-11-20T10:56:43,13.11912,4237672,1:10:37,11.1449947046397,148,166,79,20/11/19 11:57,20/11/19 10:57,29/12/19 11:49,29/12/19 11:49,False,False,94,53,2,553,"chute, bobo cote coté droit",
17847411,GarminPush,46742|2019-11-17T09:01:27,21.35549,5957005,1:39:17,12.9057746300364,169,182,86,17/11/19 10:01,17/11/19 9:01,17/11/19 16:26,17/11/19 16:26,False,False,239,239,2,691,,Race
17823410,GarminPush,46742|2019-11-14T10:55:43,11.73971,3695942,1:01:35,11.4349619122811,155,171,115,14/11/19 11:56,14/11/19 10:56,14/11/19 12:02,14/11/19 12:02,False,False,60,57,2,563,,
17806324,GarminPush,46742|2019-11-12T04:50:39,8.65193,3474319,57:54,8.9649073674582,136,160,71,12/11/19 5:51,12/11/19 4:51,12/11/19 5:51,12/11/19 5:51,False,False,29,30,2,397,,
17788811,GarminPush,46742|2019-11-10T09:09:03,8.39584,3031425,50:31,9.97056631782083,147,174,88,10/11/19 10:09,10/11/19 9:09,10/11/19 16:03,10/11/19 16:03,False,False,34,43,2,456,,
17781063,GarminPush,46742|2019-11-09T11:28:13,16.52183,5105655,1:25:05,11.6495509391058,165,187,93,9/11/19 12:28,9/11/19 11:28,9/11/19 12:58,9/11/19 12:58,False,False,81,77,2,597,,
17766808,GarminPush,46742|2019-11-07T11:08:10,14.22214,4409347,1:13:29,11.6116295678249,163,182,70,7/11/19 12:08,7/11/19 11:08,7/11/19 12:31,7/11/19 12:31,False,False,49,59,2,586,,
17750741,GarminPush,46742|2019-11-05T11:02:47,12.04542,3895946,1:04:55,11.1304191587871,154,179,98,5/11/19 12:03,5/11/19 11:03,5/11/19 12:10,5/11/19 12:10,False,False,41,44,2,546,,
17729502,GarminPush,46742|2019-11-03T15:22:48,13.50891,4509604,1:15:09,10.7841123078656,150,170,90,3/11/19 16:23,3/11/19 15:23,3/11/19 16:42,3/11/19 16:42,False,False,37,48,2,532,,
17712666,GarminPush,46742|2019-11-01T11:16:43,23.10385,7518802,2:05:18,11.0621160126307,154,189,84,1/11/19 12:17,1/11/19 11:17,1/11/19 13:56,1/11/19 13:56,False,False,132,114,2,579,douleur talon  droit. pause tel 8mins,
17691915,GarminPush,46742|2019-10-30T10:56:07,14.38028,4465096,1:14:25,11.5941534067801,157,173,72,30/10/19 11:56,30/10/19 10:56,30/10/19 12:15,30/10/19 12:15,False,False,60,59,2,585,,
17659609,GarminPush,46742|2019-10-27T11:02:32,17.42471,5600300,1:33:20,11.200999232184,154,180,93,27/10/19 12:03,27/10/19 11:03,27/10/19 13:14,27/10/19 13:14,False,False,98,101,2,572,encore sous la pluie ...,
17652024,GarminPush,46742|2019-10-26T09:19:45,14.5025,4505136,1:15:05,11.588773346687,159,180,75,26/10/19 11:20,26/10/19 9:20,26/10/19 10:37,26/10/19 10:37,False,False,57,58,2,586,,
17627022,GarminPush,46742|2019-10-23T09:59:21,14.07225,4758174,1:19:18,10.6469624692161,152,167,92,23/10/19 11:59,23/10/19 9:59,23/10/19 11:22,23/10/19 11:22,False,False,65,65,2,526,,
17597795,GarminPush,46742|2019-10-20T09:44:19,20.63172,6323991,1:45:23,11.7448288588646,157,181,100,20/10/19 11:44,20/10/19 9:44,20/10/19 11:37,20/10/19 11:37,False,False,78,125,2,615,,
17583428,GarminPush,46742|2019-10-18T10:06:35,14.23672,4532960,1:15:32,11.3065617168473,153,171,75,18/10/19 12:07,18/10/19 10:07,18/10/19 11:24,18/10/19 11:24,False,False,69,68,2,567,,
17564729,GarminPush,46742|2019-10-16T09:56:32,14.00878,4574112,1:16:14,11.0254423153609,155,172,79,16/10/19 11:57,16/10/19 9:57,16/10/19 11:23,16/10/19 11:23,False,False,71,74,2,549,,
17551237,GarminPush,46742|2019-10-15T09:58:56,12.27458,3998957,1:06:38,11.0500032883574,150,161,88,15/10/19 11:59,15/10/19 9:59,15/10/19 11:10,15/10/19 11:10,False,False,50,51,2,543,,
17526196,GarminPush,46742|2019-10-13T07:29:12,18.48003,5598591,1:33:18,11.8830091356915,161,177,100,13/10/19 9:29,13/10/19 7:29,13/10/19 9:09,13/10/19 9:09,False,False,82,85,2,618,,
17520325,GarminPush,46742|2019-10-12T08:19:05,12.13028,3988881,1:06:28,10.9476838241101,157,167,73,12/10/19 10:19,12/10/19 8:19,12/10/19 9:30,12/10/19 9:30,False,False,54,54,2,536,,
17493001,GarminPush,46742|2019-10-09T09:50:50,14.4841,4923234,1:22:03,10.5911602007948,151,162,79,9/10/19 11:51,9/10/19 9:51,9/10/19 11:18,9/10/19 11:18,False,False,64,64,2,524,,
17485049,GarminPush,46742|2019-10-08T10:03:42,7.22285,2611280,43:31,9.95766826996722,145,171,98,8/10/19 12:04,8/10/19 10:04,8/10/19 10:50,8/10/19 10:50,False,False,13,13,2,447,,
17465220,GarminPush,46742|2019-10-06T07:31:24,17.50934,5376100,1:29:36,11.7247863693012,162,180,80,6/10/19 9:31,6/10/19 7:31,6/10/19 9:07,6/10/19 9:07,False,False,66,72,2,605,,
17440660,GarminPush,46742|2019-10-02T10:01:46,14.20101,4333989,1:12:13,11.7959773317376,158,182,79,2/10/19 12:02,2/10/19 10:02,2/10/19 11:17,2/10/19 11:17,False,False,85,96,2,597,,
17434520,GarminPush,46742|2019-10-01T09:56:47,10.26083,3393230,56:33,10.8860843503093,154,179,92,1/10/19 11:57,1/10/19 9:57,1/10/19 10:56,1/10/19 10:56,False,False,61,56,2,522,,Intervals
17416011,GarminPush,46742|2019-09-29T06:39:14,17.52836,5417722,1:30:17,11.6473484612167,159,172,89,29/09/19 8:39,29/09/19 6:39,29/09/19 8:30,29/09/19 8:30,False,False,88,81,2,600,,
17409546,GarminPush,46742|2019-09-28T07:55:45,8.14972,2753770,45:53,10.6541185356802,147,162,67,28/09/19 9:56,28/09/19 7:56,28/09/19 8:57,28/09/19 8:57,False,False,37,44,2,495,,
17396319,GarminPush,46742|2019-09-26T09:59:54,9.34187,3490728,58:10,9.63430321697938,141,154,86,26/09/19 12:00,26/09/19 10:00,26/09/19 11:01,26/09/19 11:01,False,False,18,16,2,441,,
17387985,GarminPush,46742|2019-09-25T09:59:19,14.30577,4332784,1:12:12,11.8863003556143,165,180,69,25/09/19 11:59,25/09/19 9:59,25/09/19 11:22,25/09/19 11:22,False,False,30,33,2,603,,
17363048,GarminPush,46742|2019-09-22T08:37:48,12.16314,3757694,1:02:37,11.6527061543596,157,171,80,22/09/19 10:38,22/09/19 8:38,22/09/19 9:42,22/09/19 9:42,False,False,53,58,2,579,,
17355588,GarminPush,46742|2019-09-21T07:51:56,10.25991,3225044,53:45,11.4527665358984,155,169,76,21/09/19 9:52,21/09/19 7:52,21/09/19 8:51,21/09/19 8:51,False,False,52,51,2,557,,
17339865,GarminPush,46742|2019-09-19T09:57:35,11.30836,3541502,59:01,11.4951497980236,155,176,56,19/09/19 11:58,19/09/19 9:58,19/09/19 10:59,19/09/19 10:59,False,False,63,59,2,565,,
17326993,GarminPush,46742|2019-09-18T10:28:24,7.51836,2562739,42:42,10.5613938836534,149,161,84,18/09/19 12:28,18/09/19 10:28,18/09/19 11:14,18/09/19 11:14,False,False,30,31,2,485,,
17320129,GarminPush,46742|2019-09-17T09:55:05,11.26541,4269604,1:11:09,9.49865046032372,139,154,88,17/09/19 11:55,17/09/19 9:55,17/09/19 11:09,17/09/19 11:09,False,False,26,25,2,443,,
17299108,GarminPush,46742|2019-09-15T07:15:46,14.38551,4839638,1:20:39,10.700766462285,156,167,111,15/09/19 9:16,15/09/19 7:16,15/09/19 8:50,15/09/19 8:50,False,False,46,50,2,530,,
17284726,GarminPush,46742|2019-09-13T10:01:59,14.17007,4468668,1:14:28,11.4155385900228,160,173,128,13/09/19 12:02,13/09/19 10:02,13/09/19 11:19,13/09/19 11:19,False,False,0,0,0,574,,Bad Elevation
17266434,GarminPush,46742|2019-09-11T10:01:57,14.21707,4431322,1:13:51,11.5499284412191,166,182,132,11/09/19 12:02,11/09/19 10:02,11/09/19 12:06,11/09/19 12:06,False,False,370,367,4,582,,
17239275,GarminPush,46742|2019-09-08T19:00:47,11.01011,3095779,51:35,12.8033674238374,169,182,81,8/09/19 21:01,8/09/19 19:01,8/09/19 20:07,8/09/19 20:07,False,False,330,335,4,643,,
17213161,GarminPush,46742|2019-09-05T06:23:19,13.02925,4059325,1:07:39,11.554950638345,159,176,92,5/09/19 8:23,5/09/19 6:23,28/09/19 15:14,28/09/19 15:14,False,False,189,188,3,577,,
17200047,GarminPush,46742|2019-09-03T05:59:08,6.13083,1899179,31:39,11.6213311120226,158,174,86,3/09/19 7:59,3/09/19 5:59,3/09/19 6:36,3/09/19 6:36,False,False,141,140,3,537,,
17172690,GarminPush,46742|2019-08-31T18:40:54,10.15499,3322648,55:22,11.0026593247314,154,169,142,31/08/19 20:41,31/08/19 18:41,31/08/19 19:39,31/08/19 19:39,False,False,194,191,3,529,,
17160286,GarminPush,46742|2019-08-30T04:11:40,7.16189,2388742,39:48,10.793465347032,146,172,103,30/08/19 6:12,30/08/19 4:12,30/08/19 4:55,30/08/19 4:55,False,False,60,56,2,497,,
17160284,GarminPush,46742|2019-08-30T03:56:40,2,730710,12:10,9.85343022539722,144,151,92,30/08/19 5:57,30/08/19 3:57,30/08/19 4:54,30/08/19 4:54,False,False,13,17,2,356,,
17148809,GarminPush,46742|2019-08-28T10:02:01,14.31649,4689012,1:18:09,10.991518895665,157,178,93,28/08/19 12:02,28/08/19 10:02,28/08/19 11:32,28/08/19 11:32,False,False,111,117,2,548,,
17120892,GarminPush,46742|2019-08-25T06:56:51,14.22957,4377659,1:12:57,11.7017912998705,165,176,106,25/08/19 8:57,25/08/19 6:57,25/08/19 8:12,25/08/19 8:12,False,False,115,115,2,591,,
17110541,GarminPush,46742|2019-08-23T09:58:31,11.26541,3808001,1:03:28,10.6500696822296,155,166,75,23/08/19 11:59,23/08/19 9:59,23/08/19 11:04,23/08/19 11:04,False,False,48,48,2,513,,
17088675,GarminPush,46742|2019-08-21T10:05:24,14.01423,4451998,1:14:11,11.3322665463911,161,184,114,21/08/19 12:05,21/08/19 10:05,21/08/19 11:24,21/08/19 11:24,False,False,379,357,4,568,,
17070950,GarminPush,46742|2019-08-19T08:42:10,13.20395,4242726,1:10:42,11.2036978112657,156,173,107,19/08/19 10:42,19/08/19 8:42,19/08/19 10:13,19/08/19 10:13,False,False,86,87,2,556,,
17059135,GarminPush,46742|2019-08-17T15:01:28,14.31714,4660137,1:17:40,11.0601263439251,164,181,76,17/08/19 17:01,17/08/19 15:01,17/08/19 16:25,17/08/19 16:25,False,False,148,148,2,552,,
17050958,GarminPush,46742|2019-08-16T15:15:45,12.35735,4035486,1:07:15,11.02381720566,160,176,100,16/08/19 17:16,16/08/19 15:16,16/08/19 16:28,16/08/19 16:28,False,False,81,81,2,541,,
17034809,GarminPush,46742|2019-08-14T10:02:36,14.12118,4711304,1:18:31,10.7902712285176,160,181,95,14/08/19 12:03,14/08/19 10:03,14/08/19 11:32,14/08/19 11:32,False,False,359,363,4,535,,
17020489,GarminPush,46742|2019-08-12T09:57:30,11.28887,3970080,1:06:10,10.2365524120421,147,160,79,12/08/19 11:58,12/08/19 9:58,12/08/19 11:06,12/08/19 11:06,False,False,145,146,3,488,,
17000720,GarminPush,46742|2019-08-10T08:13:36,12.06826,4435999,1:13:55,9.79390121593806,148,163,93,10/08/19 10:14,10/08/19 8:14,10/08/19 9:32,10/08/19 9:32,False,False,326,329,4,465,,
16989039,GarminPush,46742|2019-08-08T10:00:22,14.02452,4677798,1:17:57,10.793170632849,161,179,107,8/08/19 12:00,8/08/19 10:00,8/08/19 11:23,8/08/19 11:23,False,False,364,364,4,535,,
16969961,GarminPush,46742|2019-08-06T10:05:42,14.15513,4684940,1:18:04,10.8770801760535,158,180,81,6/08/19 12:06,6/08/19 10:06,6/08/19 11:32,6/08/19 11:32,False,False,363,368,4,540,,
16941893,GarminPush,46742|2019-08-04T07:15:22,14.11989,4563667,1:16:03,11.1383245096542,160,176,99,4/08/19 9:15,4/08/19 7:15,4/08/19 8:35,4/08/19 8:35,False,False,360,360,4,556,,
16933420,GarminPush,46742|2019-08-02T10:00:35,12.26263,4232901,1:10:32,10.4291283920885,155,165,82,2/08/19 12:01,2/08/19 10:01,2/08/19 11:14,2/08/19 11:14,False,False,148,148,3,505,,
16914770,GarminPush,46742|2019-07-31T10:02:25,13.05154,4406972,1:13:26,10.661638875854,160,171,98,31/07/19 12:02,31/07/19 10:02,31/07/19 12:05,31/07/19 12:05,False,False,351,369,4,523,,
16906106,GarminPush,46742|2019-07-30T09:54:45,11.14918,3606108,1:00:06,11.1302955984679,166,183,90,30/07/19 11:55,30/07/19 9:55,30/07/19 10:59,30/07/19 10:59,False,False,139,138,3,542,,
16883182,GarminPush,46742|2019-07-28T06:56:39,14.61578,4692435,1:18:12,11.2131138737138,166,181,87,28/07/19 8:57,28/07/19 6:57,28/07/19 8:37,28/07/19 8:37,False,False,463,480,4,563,,
16846872,GarminPush,46742|2019-07-23T03:49:58,6.60801,2437773,40:37,9.75842951743251,143,155,70,23/07/19 5:50,23/07/19 3:50,23/07/19 4:34,23/07/19 4:34,False,False,133,112,3,431,,
16827254,GarminPush,46742|2019-07-21T08:19:23,14.48772,4907153,1:21:47,10.628523708146,164,184,83,21/07/19 10:19,21/07/19 8:19,21/07/19 9:57,21/07/19 9:57,False,False,156,156,2,526,,
16811257,GarminPush,46742|2019-07-19T07:59:15,11.77921,3786582,1:03:06,11.1987951139048,165,180,102,19/07/19 9:59,19/07/19 7:59,19/07/19 9:07,19/07/19 9:07,False,False,73,75,2,549,,
16797354,GarminPush,46742|2019-07-17T10:18:35,13.03714,4259151,1:10:59,11.0194975477507,169,181,93,17/07/19 12:19,17/07/19 10:19,17/07/19 11:38,17/07/19 11:38,False,False,349,356,4,544,,
16743298,GarminPush,46742|2019-07-14T06:30:33,11.11563,3504670,58:24,11.4179845748672,160,181,96,14/07/19 8:31,14/07/19 6:31,14/07/19 7:36,14/07/19 7:36,False,False,211,215,3,559,,
16706344,GarminPush,46742|2019-07-10T10:50:29,8.04672,2666219,44:26,10.8648959444067,167,180,88,10/07/19 12:50,10/07/19 10:50,10/07/19 11:45,10/07/19 11:45,False,False,0,0,1,507,,
16688957,GarminPush,46742|2019-07-08T10:18:35,7.07674,2352225,39:12,10.8307087969901,160,174,77,8/07/19 12:19,8/07/19 10:19,9/07/19 13:21,9/07/19 13:21,False,False,113,117,3,498,,
16569234,GarminPush,46742|2019-06-23T07:26:32,13.31958,4227966,1:10:27,11.3412662258873,170,182,98,23/06/19 9:27,23/06/19 7:27,23/06/19 8:47,23/06/19 8:47,False,False,334,338,4,565,,
16510592,GarminPush,46742|2019-06-16T07:06:15,12.12685,4336621,1:12:16,10.0669761088184,146,154,101,16/06/19 9:06,16/06/19 7:06,16/06/19 8:25,16/06/19 8:25,False,False,296,301,4,482,,
16495576,GarminPush,46742|2019-06-14T09:59:40,12.09689,3959190,1:05:59,10.9994226091701,160,181,83,14/06/19 12:00,14/06/19 10:00,14/06/19 11:09,14/06/19 11:09,False,False,147,146,3,539,,
16468915,GarminPush,46742|2019-06-11T04:16:45,6.28243,2261034,37:41,10.0028341015659,143,156,77,11/06/19 6:17,11/06/19 4:17,11/06/19 4:58,11/06/19 4:58,False,False,106,108,3,443,,
16453419,GarminPush,46742|2019-06-10T06:47:09,8.25495,3045184,50:45,9.75895709421828,146,159,103,10/06/19 8:47,10/06/19 6:47,10/06/19 7:41,10/06/19 7:41,False,False,134,137,3,442,,
16446945,GarminPush,46742|2019-06-09T07:37:47,14.03773,5079892,1:24:39,9.94820913515484,151,166,110,9/06/19 9:38,9/06/19 7:38,9/06/19 9:23,9/06/19 9:23,False,False,368,373,4,483,,
16431059,GarminPush,46742|2019-06-07T10:08:04,11.91302,3900854,1:05:00,10.9942263924771,157,170,86,7/06/19 12:08,7/06/19 10:08,7/06/19 11:17,7/06/19 11:17,False,False,147,147,3,537,,
16410822,GarminPush,46742|2019-06-05T09:58:06,10.25102,3144455,52:24,11.736110709169,162,182,91,5/06/19 11:58,5/06/19 9:58,5/06/19 10:53,5/06/19 10:53,False,False,138,139,3,574,,
16392222,GarminPush,46742|2019-06-03T03:48:57,9.27624,3350943,55:50,9.96569144864595,146,158,87,3/06/19 5:49,3/06/19 3:49,3/06/19 4:46,3/06/19 4:46,False,False,192,196,3,461,,
16376649,GarminPush,46742|2019-06-01T08:04:06,13.12023,4292542,1:11:32,11.0034632159685,169,184,108,1/06/19 10:04,1/06/19 8:04,1/06/19 9:34,1/06/19 9:34,False,False,353,359,4,544,,
16357801,GarminPush,46742|2019-05-30T09:06:24,12.08991,3696978,1:01:36,11.7727711660713,169,183,76,30/05/19 11:06,30/05/19 9:06,30/05/19 10:15,30/05/19 10:15,False,False,322,317,4,586,,
16325034,GarminPush,46742|2019-05-26T07:04:23,12.0662,3907285,1:05:07,11.1172642896538,170,182,134,26/05/19 9:04,26/05/19 7:04,26/05/19 8:26,26/05/19 8:26,False,False,345,321,4,546,,
16266041,GarminPush,46742|2019-05-18T21:55:03,6.13534,2239679,37:19,9.86178108559307,142,160,103,19/05/19 6:55,18/05/19 21:55,18/05/19 22:58,18/05/19 22:58,False,False,44,44,2,433,,
16187735,GarminPush,46742|2019-05-08T21:33:35,6.02521,2172164,36:12,9.98578192070212,151,167,88,9/05/19 6:34,8/05/19 21:34,8/05/19 22:14,8/05/19 22:14,False,False,160,193,4,439,,
16128660,GarminPush,46742|2019-05-01T09:04:58,15.10834,4665200,1:17:45,11.6586692960645,164,190,89,1/05/19 11:05,1/05/19 9:05,1/05/19 10:27,1/05/19 10:27,False,False,13,13,2,592,,
16098688,GarminPush,46742|2019-04-28T06:58:52,15.04465,4427800,1:13:47,12.2319752473011,162,179,101,28/04/19 8:59,28/04/19 6:59,28/04/19 8:18,28/04/19 8:18,False,False,13,13,2,627,,
16094389,GarminPush,46742|2019-04-27T08:25:56,11.43775,3502095,58:22,11.7575051504885,165,179,139,27/04/19 10:26,27/04/19 8:26,27/04/19 9:29,27/04/19 9:29,False,False,9,10,2,582,,
16069642,GarminPush,46742|2019-04-24T10:01:49,11.81866,3662732,1:01:02,11.6162405548645,163,176,101,24/04/19 12:02,24/04/19 10:02,24/04/19 11:06,24/04/19 11:06,False,False,58,58,2,575,,
16053596,GarminPush,46742|2019-04-22T08:03:51,14.16737,4381309,1:13:01,11.6409347069563,154,173,103,22/04/19 10:04,22/04/19 8:04,22/04/19 9:30,22/04/19 9:30,False,False,71,70,2,587,,
16045078,GarminPush,46742|2019-04-21T08:49:18,10.21383,3749092,1:02:29,9.80765155936424,142,154,92,21/04/19 10:49,21/04/19 8:49,21/04/19 9:56,21/04/19 9:56,False,False,71,72,2,457,,
16038365,GarminPush,46742|2019-04-20T08:04:34,12.22423,4297188,1:11:37,10.2409361656972,144,155,103,20/04/19 10:05,20/04/19 8:05,20/04/19 9:26,20/04/19 9:26,False,False,50,60,2,493,,
16030661,GarminPush,46742|2019-04-19T08:29:01,16.32493,5297769,1:28:17,11.0933013500589,163,184,131,19/04/19 10:29,19/04/19 8:29,19/04/19 10:13,19/04/19 10:13,False,False,143,142,2,562,,
16016547,GarminPush,46742|2019-04-17T10:04:18,12.03906,3691239,1:01:31,11.7414819251747,160,179,94,17/04/19 12:04,17/04/19 10:04,17/04/19 11:09,17/04/19 11:09,False,False,58,58,2,584,,
15990356,GarminPush,46742|2019-04-14T07:52:09,9.01499,2627532,43:47,12.3515009522244,167,181,108,14/04/19 9:52,14/04/19 7:52,14/04/19 8:42,14/04/19 8:42,False,False,195,188,3,603,,
15990343,GarminPush,46742|2019-04-14T07:37:34,1.06501,400626,6:40,9.57011277350946,160,170,115,14/04/19 9:38,14/04/19 7:38,14/04/19 8:40,14/04/19 8:40,False,False,18,20,2,269,,
15990340,GarminPush,46742|2019-04-14T07:09:41,3.33647,1109121,18:29,10.829559624243,154,168,98,14/04/19 9:10,14/04/19 7:10,14/04/19 8:40,14/04/19 8:40,False,False,48,53,3,454,,
15985044,GarminPush,46742|2019-04-13T08:17:20,14.14662,4299248,1:11:39,11.8457534899127,163,180,94,13/04/19 10:17,13/04/19 8:17,13/04/19 9:33,13/04/19 9:33,False,False,13,43,2,600,,
15971295,GarminPush,46742|2019-04-11T03:49:07,9.13829,3322161,55:22,9.90254355523408,153,169,95,11/04/19 5:49,11/04/19 3:49,11/04/19 4:48,11/04/19 4:48,False,False,15,15,2,456,,
15952895,GarminPush,46742|2019-04-08T10:09:51,9.02953,2937861,48:57,11.0646174206336,153,165,113,8/04/19 12:10,8/04/19 10:10,8/04/19 11:02,8/04/19 11:02,False,False,97,97,2,526,,
15942167,GarminPush,46742|2019-04-07T06:35:18,20.31891,6278677,1:44:38,11.6502371439079,163,180,137,7/04/19 8:35,7/04/19 6:35,7/04/19 8:38,7/04/19 8:38,False,False,70,71,2,609,,
15923640,GarminPush,46742|2019-04-04T10:09:02,12.11615,3741217,1:02:21,11.6588104886725,161,178,90,4/04/19 12:09,4/04/19 10:09,4/04/19 11:14,4/04/19 11:14,False,False,48,48,2,579,,
15888281,GarminPush,46742|2019-03-31T07:14:58,17.30593,5640537,1:34:00,11.04528664558,154,167,86,31/03/19 9:15,31/03/19 7:15,31/03/19 8:53,31/03/19 8:53,False,False,33,33,2,562,,
15860624,GarminPush,46742|2019-03-27T10:57:33,11.19173,3414011,56:54,11.801434734686,159,175,90,27/03/19 11:58,27/03/19 10:58,27/03/19 11:58,27/03/19 11:58,False,False,49,49,2,583,,
15850814,GarminPush,46742|2019-03-26T04:52:30,9.05049,3386428,56:26,9.6212776412196,139,154,102,26/03/19 5:53,26/03/19 4:53,26/03/19 5:56,26/03/19 5:56,False,False,16,46,2,439,,
15831780,GarminPush,46742|2019-03-24T08:51:40,16.27632,5332497,1:28:52,10.9882390932428,156,168,89,24/03/19 9:52,24/03/19 8:52,24/03/19 10:30,24/03/19 10:30,False,False,97,97,2,555,,
15825245,GarminPush,46742|2019-03-23T09:15:14,13.11154,4174677,1:09:34,11.3066337826855,158,172,87,23/03/19 10:15,23/03/19 9:15,23/03/19 10:30,23/03/19 10:30,False,False,68,69,2,562,,
15820508,GarminPush,46742|2019-03-22T10:27:56,9.13327,3052912,50:52,10.769970441336,159,174,89,22/03/19 11:28,22/03/19 10:28,22/03/19 11:25,22/03/19 11:25,False,False,83,83,2,509,,
15809025,GarminPush,46742|2019-03-20T10:58:53,12.1426,3792378,1:03:12,11.5266357942167,158,171,69,20/03/19 11:59,20/03/19 10:59,20/03/19 12:06,20/03/19 12:06,False,False,56,56,2,571,,
15777189,GarminPush,46742|2019-03-17T07:28:53,20.52452,6191797,1:43:11,11.9332516876765,166,177,99,17/03/19 8:29,17/03/19 7:29,17/03/19 9:17,17/03/19 9:17,False,False,183,183,2,627,,
15763729,GarminPush,46742|2019-03-15T05:20:56,6.09593,1888467,31:28,11.6207209339639,159,174,83,15/03/19 6:21,15/03/19 5:21,15/03/19 5:57,15/03/19 5:57,False,False,82,83,3,537,,
15750649,GarminPush,46742|2019-03-13T10:56:34,11.43029,3464134,57:44,11.8785947656759,164,179,98,13/03/19 11:57,13/03/19 10:57,13/03/19 11:58,13/03/19 11:58,False,False,47,48,2,589,,
15741524,GarminPush,46742|2019-03-12T04:50:01,9.30297,3485054,58:05,9.60980575910732,152,166,100,12/03/19 5:50,12/03/19 4:50,12/03/19 5:52,12/03/19 5:52,False,False,16,16,2,440,,
15721254,GarminPush,46742|2019-03-10T07:34:55,13.09469,4015910,1:06:55,11.7385309929754,163,178,94,10/03/19 8:35,10/03/19 7:35,10/03/19 8:59,10/03/19 8:59,False,False,17,14,2,589,,
15713658,GarminPush,46742|2019-03-09T08:52:09,12.65739,3988640,1:06:28,11.4240954310241,163,183,103,9/03/19 9:52,9/03/19 8:52,9/03/19 10:03,9/03/19 10:03,False,False,13,13,2,567,,
15702234,GarminPush,46742|2019-03-07T20:03:23,12.52581,4660241,1:17:40,9.67609100044397,151,170,78,7/03/19 21:03,7/03/19 20:03,7/03/19 21:27,7/03/19 21:27,False,False,21,21,2,460,,
15667570,GarminPush,46742|2019-03-03T08:01:35,16.17758,4932962,1:22:12,11.8061497331623,163,176,89,3/03/19 9:02,3/03/19 8:02,3/03/19 9:28,3/03/19 9:28,False,False,13,13,2,606,,
15659859,GarminPush,46742|2019-03-02T07:55:39,10.62222,3583359,59:43,10.671549236345,155,172,84,2/03/19 8:56,2/03/19 7:56,2/03/19 9:02,2/03/19 9:02,False,False,11,11,2,511,,
15639928,GarminPush,46742|2019-02-28T04:51:52,9.11696,3232536,53:52,10.153345856009,152,178,113,28/02/19 5:52,28/02/19 4:52,28/02/19 5:52,28/02/19 5:52,False,False,130,22,2,471,,
15625339,GarminPush,46742|2019-02-26T04:49:55,9.14454,3101024,51:41,10.6159591154406,152,163,73,26/02/19 5:50,26/02/19 4:50,26/02/19 5:46,26/02/19 5:46,False,False,12,12,1,499,,
15606286,GarminPush,46742|2019-02-24T07:31:04,20.45953,6296504,1:44:56,11.6976512680688,162,181,103,24/02/19 8:31,24/02/19 7:31,24/02/19 9:22,24/02/19 9:22,False,False,40,40,2,612,,
15593299,GarminPush,46742|2019-02-22T04:58:46,8.8346,3082103,51:22,10.3191100362318,148,172,84,22/02/19 5:59,22/02/19 4:59,22/02/19 5:56,22/02/19 5:56,False,False,14,14,1,480,,
15582019,GarminPush,46742|2019-02-20T10:54:49,11.82334,3684938,1:01:24,11.5508114383471,158,180,112,20/02/19 11:55,20/02/19 10:55,20/02/19 12:00,20/02/19 12:00,False,False,463,74,2,571,,
15555949,GarminPush,46742|2019-02-17T07:55:39,17.63176,5400409,1:30:00,11.7536164390512,164,178,101,17/02/19 8:56,17/02/19 7:56,17/02/19 9:30,17/02/19 9:30,False,False,65,65,2,607,,
15548115,GarminPush,46742|2019-02-16T08:53:28,11.70763,4159727,1:09:19,10.1322678146907,151,167,128,16/02/19 9:53,16/02/19 8:53,16/02/19 10:06,16/02/19 10:06,False,False,10,69,2,484,,
15536698,GarminPush,46742|2019-02-14T11:09:14,12.06722,3705715,1:01:45,11.7229716802291,160,174,93,14/02/19 12:09,14/02/19 11:09,14/02/19 12:15,14/02/19 12:15,False,False,59,59,2,583,,
15527730,GarminPush,46742|2019-02-13T05:05:42,8.75406,2983824,49:43,10.5618213406689,157,170,120,13/02/19 6:06,13/02/19 5:06,13/02/19 6:00,13/02/19 6:00,False,False,135,137,3,494,,
15506123,GarminPush,46742|2019-02-10T16:06:50,14.24965,4451899,1:14:11,11.5228894456051,166,180,109,10/02/19 17:07,10/02/19 16:07,10/02/19 17:26,10/02/19 17:26,False,False,26,28,2,580,,
15506117,GarminPush,46742|2019-02-10T15:29:41,4.19237,1369278,22:49,11.0222555244443,159,170,93,10/02/19 16:30,10/02/19 15:30,10/02/19 17:25,10/02/19 17:25,False,False,82,86,3,480,,
15497480,GarminPush,46742|2019-02-09T08:16:13,13.17108,4441789,1:14:01,10.6749528174346,153,165,86,9/02/19 9:16,9/02/19 8:16,26/02/19 15:12,26/02/19 15:12,False,False,63,63,2,524,reprise post angine,
15452237,GarminPush,46742|2019-02-03T08:30:49,16.37342,5009155,1:23:29,11.7673164435918,161,176,110,3/02/19 9:31,3/02/19 8:31,3/02/19 10:01,3/02/19 10:01,False,False,13,13,2,604,,
15445132,GarminPush,46742|2019-02-02T09:31:28,8.04672,2667533,44:27,10.8595440056412,161,188,118,2/02/19 10:31,2/02/19 9:31,2/02/19 10:19,2/02/19 10:19,False,False,134,133,3,507,,
15436959,GarminPush,46742|2019-01-31T19:43:30,9.17081,3058838,50:58,10.7932868625275,159,181,118,31/01/19 20:44,31/01/19 19:44,31/01/19 20:38,31/01/19 20:38,False,False,12,12,2,510,,
15419843,GarminPush,46742|2019-01-29T04:57:10,9.13444,2946926,49:06,11.1587410067304,154,168,113,29/01/19 5:57,29/01/19 4:57,29/01/19 5:55,29/01/19 5:55,False,False,256,137,3,532,,
15404436,GarminPush,46742|2019-01-27T09:45:06,15.67107,5087603,1:24:47,11.0888864559597,157,176,89,27/01/19 10:45,27/01/19 9:45,27/01/19 11:25,27/01/19 11:25,False,False,135,134,2,559,,
15392911,GarminPush,46742|2019-01-25T11:14:58,12.09646,3530612,58:50,12.3341947515048,158,179,94,25/01/19 12:15,25/01/19 11:15,25/01/19 12:17,25/01/19 12:17,False,False,29,29,2,620,,
15384896,GarminPush,46742|2019-01-24T05:33:36,7.67156,2459398,40:59,11.2294211835579,152,166,69,24/01/19 6:34,24/01/19 5:34,24/01/19 6:55,24/01/19 6:55,False,False,97,96,3,526,,
15376647,GarminPush,46742|2019-01-23T05:27:57,2.87079,976181,16:16,10.5870161373762,150,160,137,23/01/19 6:28,23/01/19 5:28,23/01/19 5:46,23/01/19 5:46,False,False,22,291,2,429,,
15347933,GarminPush,46742|2019-01-20T08:57:33,5.60345,1669470,27:49,12.0831281784039,154,171,107,20/01/19 9:58,20/01/19 8:58,20/01/19 9:30,20/01/19 9:30,False,False,103,106,3,559,,
15347929,GarminPush,46742|2019-01-20T07:40:26,12.04719,3700583,1:01:40,11.7197436187757,160,175,107,20/01/19 8:40,20/01/19 7:40,20/01/19 9:29,20/01/19 9:29,False,False,20,22,2,582,,
15336786,GarminPush,46742|2019-01-19T08:34:22,8.12444,2832612,47:12,10.3254466195864,148,159,91,19/01/19 9:34,19/01/19 8:34,19/01/19 9:26,19/01/19 9:26,False,False,134,138,3,475,,
15329847,GarminPush,46742|2019-01-18T05:11:39,5.63417,1903033,31:43,10.6582555320901,151,169,92,18/01/19 6:12,18/01/19 5:12,18/01/19 5:48,18/01/19 5:48,False,False,94,88,3,476,,
15306284,GarminPush,46742|2019-01-15T04:54:05,10.77931,3617090,1:00:17,10.7283799960742,154,179,95,15/01/19 5:54,15/01/19 4:54,15/01/19 5:59,15/01/19 5:59,False,False,24,24,2,516,,
15286324,GarminPush,46742|2019-01-13T08:16:43,18.47474,5808366,1:36:48,11.4505635491978,161,183,90,13/01/19 9:17,13/01/19 8:17,13/01/19 10:01,13/01/19 10:01,False,False,37,37,2,591,,
15276936,GarminPush,46742|2019-01-12T09:06:24,10.0738,3427238,57:07,10.5816053626856,151,163,69,12/01/19 10:06,12/01/19 9:06,12/01/19 10:08,12/01/19 10:08,False,False,8,8,2,503,,
15264725,GarminPush,46742|2019-01-10T04:57:29,10.32129,3271938,54:31,11.3561577267051,157,174,76,10/01/19 5:57,10/01/19 4:57,10/01/19 5:53,10/01/19 5:53,False,False,61,61,2,551,,
15227881,GarminPush,46742|2019-01-06T09:33:43,12.49926,3893762,1:04:53,11.5562625553385,164,179,85,6/01/19 10:34,6/01/19 9:34,6/01/19 10:43,6/01/19 10:43,False,False,9,9,2,575,,
15220974,GarminPush,46742|2019-01-05T09:30:27,14.21021,4487227,1:14:47,11.4005277646974,158,173,70,5/01/19 10:30,5/01/19 9:30,5/01/19 10:51,5/01/19 10:51,False,False,13,13,2,573,,
15179818,GarminPush,46742|2019-01-02T08:45:48,16.29106,5034067,1:23:54,11.6501858239074,159,174,83,2/01/19 9:46,2/01/19 8:46,2/01/19 10:15,2/01/19 10:15,False,False,13,13,1,596,,
15142445,GarminPush,46742|2018-12-31T08:53:57,7.26209,2402494,40:02,10.8818269681423,155,170,76,31/12/18 9:54,31/12/18 8:54,31/12/18 10:06,31/12/18 10:06,False,False,55,55,2,503,,
15132598,GarminPush,46742|2018-12-30T09:28:59,16.17258,5304707,1:28:24,10.97540128041,162,178,91,30/12/18 10:29,30/12/18 9:29,30/12/18 11:02,30/12/18 11:02,False,False,139,139,2,554,,
15104283,GarminPush,46742|2018-12-27T09:52:34,17.11748,5702279,1:35:02,10.8067192082324,156,176,86,27/12/18 10:53,27/12/18 9:53,27/12/18 11:34,27/12/18 11:34,False,False,138,139,2,547,,
15093889,GarminPush,46742|2018-12-26T07:57:38,13.08613,4191647,1:09:51,11.2390351573021,157,171,94,26/12/18 8:58,26/12/18 7:58,26/12/18 9:14,26/12/18 9:14,False,False,50,50,2,558,,
15080407,GarminPush,46742|2018-12-24T08:58:06,9.38951,3714526,1:01:54,9.10001329913965,144,172,88,24/12/18 9:58,24/12/18 8:58,24/12/18 10:22,24/12/18 10:22,False,False,62,62,2,409,,
15073583,GarminPush,46742|2018-12-23T08:50:31,18.24678,5908423,1:38:28,11.1177564639499,162,185,88,23/12/18 9:51,23/12/18 8:51,23/12/18 10:38,23/12/18 10:38,False,False,94,94,2,570,,
15060127,GarminPush,46742|2018-12-21T05:01:54,9.07055,3003772,50:03,10.8709915399704,158,174,88,21/12/18 6:02,21/12/18 5:02,21/12/18 5:55,21/12/18 5:55,False,False,13,13,1,514,,
15041915,GarminPush,46742|2018-12-18T04:52:44,11.26541,3666481,1:01:06,11.0611444597695,156,175,91,18/12/18 5:53,18/12/18 4:53,18/12/18 5:58,18/12/18 5:58,False,False,17,17,2,538,,
15028375,GarminPush,46742|2018-12-16T08:35:50,17.45725,5477363,1:31:17,11.4737876602299,162,176,84,16/12/18 9:36,16/12/18 8:36,16/12/18 10:14,16/12/18 10:14,False,False,24,24,2,589,,
15006650,GarminPush,46742|2018-12-12T10:52:33,20.72032,6873358,1:54:33,10.8525049910102,158,175,100,12/12/18 11:53,12/12/18 10:53,12/12/18 12:53,12/12/18 12:53,False,False,198,198,2,560,,
14984463,GarminPush,46742|2018-12-09T08:19:55,16.29754,5642420,1:34:02,10.3982234573109,150,171,85,9/12/18 9:20,9/12/18 8:20,9/12/18 10:08,9/12/18 10:08,False,False,35,32,2,519,,
14978372,GarminPush,46742|2018-12-08T09:14:41,14.05309,4446867,1:14:06,11.3768016898189,161,174,82,8/12/18 10:15,8/12/18 9:15,8/12/18 10:31,8/12/18 10:31,False,False,9,9,1,571,,
14961756,GarminPush,46742|2018-12-05T09:25:00,18.11438,6153874,1:42:33,10.5968643491888,156,172,98,5/12/18 10:25,5/12/18 9:25,5/12/18 11:13,5/12/18 11:13,False,False,17,17,2,537,,
14939649,GarminPush,46742|2018-12-02T08:15:12,13.70844,4341158,1:12:21,11.3680230021575,164,177,101,2/12/18 9:15,2/12/18 8:15,2/12/18 9:34,2/12/18 9:34,False,False,11,11,1,569,,
14934377,GarminPush,46742|2018-12-01T09:01:51,13.21325,4183085,1:09:43,11.371439977911,161,179,96,1/12/18 10:02,1/12/18 9:02,1/12/18 10:19,1/12/18 10:19,False,False,31,30,2,567,,
14921386,GarminPush,46742|2018-11-29T05:29:38,7.81192,2764351,46:04,10.1734229842737,154,167,90,29/11/18 6:30,29/11/18 5:30,29/11/18 6:21,29/11/18 6:21,False,False,10,10,1,464,,
14900392,GarminPush,46742|2018-11-27T05:25:28,4.72648,1634105,27:14,10.4126283194776,154,167,132,27/11/18 6:25,27/11/18 5:25,27/11/18 5:56,27/11/18 5:56,False,False,91,94,3,451,,
14877367,GarminPush,46742|2018-11-25T07:59:53,17.36339,5466861,1:31:06,11.4340210954696,161,178,86,25/11/18 9:00,25/11/18 8:00,25/11/18 9:38,25/11/18 9:38,False,False,26,26,2,587,,
14836294,GarminPush,46742|2018-11-22T05:00:39,9.24375,3051309,50:51,10.9059751077325,158,170,89,22/11/18 6:01,22/11/18 5:01,22/11/18 5:55,22/11/18 5:55,False,False,17,17,1,518,,
14810560,GarminPush,46742|2018-11-20T04:58:08,8.29399,2727037,45:27,10.9490131597041,156,173,82,20/11/18 5:58,20/11/18 4:58,20/11/18 5:48,20/11/18 5:48,False,False,129,131,3,514,,
14793185,GarminPush,46742|2018-11-18T09:02:53,21.21235,6230118,1:43:50,12.2573055598626,163,183,99,18/11/18 10:03,18/11/18 9:03,18/11/18 16:07,18/11/18 16:07,False,False,42,42,2,649,,Race
14781236,GarminPush,46742|2018-11-16T05:17:44,4.71148,1630238,27:10,10.4042035580081,153,177,78,16/11/18 6:18,16/11/18 5:18,16/11/18 5:49,16/11/18 5:49,False,False,85,88,3,451,,
14765122,GarminPush,46742|2018-11-13T04:44:39,11.68982,3690708,1:01:30,11.4025146394675,165,182,128,13/11/18 5:45,13/11/18 4:45,13/11/18 6:26,13/11/18 6:26,False,False,15,16,2,561,,
14728624,GarminPush,46742|2018-11-08T20:58:17,18.53978,6619764,1:50:19,10.0824150226504,153,169,130,8/11/18 20:58,8/11/18 20:58,8/11/18 22:53,8/11/18 22:53,False,False,161,167,2,506,,
14699539,GarminPush,46742|2018-11-05T04:56:55,9.13919,3204237,53:24,10.2679932851409,144,157,127,5/11/18 5:57,5/11/18 4:57,5/11/18 5:56,5/11/18 5:56,False,False,190,18,2,478,,
14678742,GarminPush,46742|2018-11-03T08:45:11,13.1424,4155929,1:09:15,11.3843715809389,160,177,92,3/11/18 9:45,3/11/18 8:45,3/11/18 9:59,3/11/18 9:59,False,False,65,64,2,567,,
14672070,GarminPush,46742|2018-11-02T08:23:18,6.28393,2112168,35:12,10.7103923551536,149,162,93,2/11/18 9:23,2/11/18 8:23,2/11/18 9:04,2/11/18 9:04,False,False,53,54,2,485,,
14665049,GarminPush,46742|2018-11-01T09:29:41,13.4062,4326292,1:12:06,11.1555854297398,159,171,105,1/11/18 10:30,1/11/18 9:30,1/11/18 10:48,1/11/18 10:48,False,False,67,66,2,554,,
14657969,GarminPush,46742|2018-10-31T05:18:02,7.13472,2543952,42:23,10.0964923866488,143,158,95,31/10/18 6:18,31/10/18 5:18,31/10/18 6:07,31/10/18 6:07,False,False,115,119,3,455,,
14636324,GarminPush,46742|2018-10-28T07:52:43,17.01789,5300331,1:28:20,11.5585996421733,164,180,101,28/10/18 8:53,28/10/18 7:53,28/10/18 9:31,28/10/18 9:31,False,False,65,65,2,593,,
14621860,GarminPush,46742|2018-10-26T04:56:44,1.20201,420266,7:00,10.2964217900092,155,160,152,26/10/18 6:57,26/10/18 4:57,26/10/18 5:09,26/10/18 5:09,False,False,2,13,1,323,,
14621858,GarminPush,46742|2018-10-26T04:03:58,8.85205,3005583,50:05,10.6027283225917,155,174,77,26/10/18 6:04,26/10/18 4:04,26/10/18 5:08,26/10/18 5:08,False,False,13,9,2,497,,Intervals
14603857,GarminPush,46742|2018-10-23T03:57:52,8.64612,2997707,49:57,10.3832802872329,150,166,96,23/10/18 5:58,23/10/18 3:58,23/10/18 5:00,23/10/18 5:00,False,False,157,157,3,482,,
14583779,GarminPush,46742|2018-10-21T07:49:41,21.09749,6248678,1:44:08,12.1547252074759,166,184,89,21/10/18 9:50,21/10/18 7:50,7/11/19 16:50,7/11/19 16:50,False,False,59,57,2,643,,Race
14557729,GarminPush,46742|2018-10-17T03:55:02,9.11005,3064412,51:04,10.7022750204607,151,160,79,17/10/18 5:55,17/10/18 3:55,17/10/18 4:51,17/10/18 4:51,False,False,13,13,1,504,,
14529126,GarminPush,46742|2018-10-14T07:13:43,16.14621,5109215,1:25:09,11.3767684468162,164,181,94,14/10/18 9:14,14/10/18 7:14,14/10/18 9:04,14/10/18 9:04,False,False,32,34,2,579,,
14509257,GarminPush,46742|2018-10-11T03:57:58,6.61173,2258028,37:38,10.5411571512842,154,166,120,11/10/18 5:58,11/10/18 3:58,11/10/18 4:40,11/10/18 4:40,False,False,87,87,3,477,,
14497417,GarminPush,46742|2018-10-09T09:35:59,15.25778,4886461,1:21:26,11.2408567263711,162,179,91,9/10/18 11:36,9/10/18 9:36,9/10/18 11:36,9/10/18 11:36,False,False,1554,1557,2,567,,
14477891,GarminPush,46742|2018-10-07T08:27:14,11.52407,3712344,1:01:52,11.1753253470045,163,181,131,7/10/18 10:27,7/10/18 8:27,7/10/18 9:33,7/10/18 9:33,False,False,9,9,1,547,,
14472025,GarminPush,46742|2018-10-06T08:09:36,13.62232,4343974,1:12:23,11.2892830389869,165,181,92,6/10/18 10:10,6/10/18 8:10,21/08/19 14:46,21/08/19 14:46,False,False,13,13,2,564,1er semi marathon dans 2 semaines je pense le faire à cette allure si tout va bien. Pas de douleurs mais pas très en jambes. on verra,
14464485,GarminPush,46742|2018-10-04T18:52:59,10.37126,3538959,58:58,10.5501465261395,160,173,134,4/10/18 20:53,4/10/18 18:53,4/10/18 19:55,4/10/18 19:55,False,False,11,12,2,503,,
14425296,FITFile,46742|2018-09-30T06:38:53,20.53979,6448063,1:47:28,11.4675126468212,161,178,116,30/09/18 8:39,30/09/18 6:39,7/10/18 11:47,7/10/18 11:47,False,False,175,41,2,598,Pause de 5 mins entre 2 10k,
14409296,GarminPush,46742|2018-09-27T19:18:04,8.60724,2990886,49:50,10.3601621726806,155,172,94,27/09/18 21:18,27/09/18 19:18,27/09/18 20:12,27/09/18 20:12,False,False,147,147,3,481,,
14390359,GarminPush,46742|2018-09-25T04:15:23,6.0196,2214023,36:54,9.78786579904545,150,173,87,25/09/18 6:15,25/09/18 4:15,25/09/18 10:56,25/09/18 10:56,False,False,90,92,3,428,,
14372150,GarminPush,46742|2018-09-23T09:10:48,16.11752,5268016,1:27:48,11.0142171170323,171,182,129,23/09/18 11:11,23/09/18 9:11,23/09/18 12:06,23/09/18 12:06,False,False,420,319,4,556,,Race
14359099,GarminPush,46742|2018-09-21T03:42:29,10.61688,3715303,1:01:55,10.2873892115932,150,161,98,21/09/18 5:42,21/09/18 3:42,21/09/18 4:49,21/09/18 4:49,False,False,200,201,3,488,,
14347029,GarminPush,46742|2018-09-19T03:54:42,10.73671,3389465,56:29,11.4036156148537,170,182,125,19/09/18 5:55,19/09/18 3:55,19/09/18 4:56,19/09/18 4:56,False,False,36,36,2,557,,
14324168,GarminPush,46742|2018-09-16T06:36:40,17.05074,5372832,1:29:32,11.4246386263334,167,188,100,16/09/18 8:37,16/09/18 6:37,16/09/18 8:11,16/09/18 8:11,False,False,78,79,2,585,,
14309017,GarminPush,46742|2018-09-14T04:31:16,11.17153,3867489,1:04:27,10.3988681027923,155,166,94,14/09/18 6:31,14/09/18 4:31,14/09/18 5:41,14/09/18 5:41,False,False,52,52,2,498,,
14288302,GarminPush,46742|2018-09-11T19:25:47,10.46647,3438617,57:18,10.9576879309327,164,176,138,11/09/18 21:26,11/09/18 19:26,11/09/18 20:27,11/09/18 20:27,False,False,146,59,3,528,,
14260186,GarminPush,46742|2018-09-09T05:24:27,12.08937,3821017,1:03:41,11.3900911720623,159,180,98,9/09/18 7:24,9/09/18 5:24,9/09/18 6:34,9/09/18 6:34,False,False,327,329,4,562,,
14212528,GarminPush,46742|2018-09-03T05:51:01,3.07686,1133186,18:53,9.77482602150044,147,166,76,3/09/18 7:51,3/09/18 5:51,3/09/18 6:11,3/09/18 6:11,False,False,234,232,5,388,,
14194902,GarminPush,46742|2018-09-01T05:07:13,5.18328,1618427,26:58,11.5295950944961,157,171,91,1/09/18 7:07,1/09/18 5:07,1/09/18 5:37,1/09/18 5:37,False,False,14,14,2,522,,
14182073,GarminPush,46742|2018-08-30T04:45:33,8.81922,2660739,44:20,11.9324713923463,164,175,100,30/08/18 6:46,30/08/18 4:46,30/08/18 5:33,30/08/18 5:33,False,False,64,65,2,577,,
14172365,GarminPush,46742|2018-08-28T18:58:35,9.49464,3361356,56:01,10.1687247646486,159,173,114,28/08/18 20:59,28/08/18 18:59,28/08/18 19:59,28/08/18 19:59,False,False,49,49,2,475,,
14143184,GarminPush,46742|2018-08-26T06:19:56,17.70651,5643953,1:34:03,11.2941117688259,159,176,134,26/08/18 8:20,26/08/18 6:20,26/08/18 8:00,26/08/18 8:00,False,False,106,104,2,579,,
14116615,GarminPush,46742|2018-08-24T04:29:33,4.32749,1394589,23:14,11.1710073720645,160,178,121,24/08/18 6:30,24/08/18 4:30,24/08/18 4:55,24/08/18 4:55,False,False,31,27,2,491,,
14095744,GarminPush,46742|2018-08-22T03:51:52,9.81744,3395601,56:35,10.4084031074322,157,169,80,22/08/18 5:52,22/08/18 3:52,22/08/18 4:53,22/08/18 4:53,False,False,80,126,2,491,,
14085237,GarminPush,46742|2018-08-20T18:41:55,9.84792,3636789,1:00:36,9.74830049254988,148,163,102,20/08/18 20:42,20/08/18 18:42,20/08/18 19:46,20/08/18 19:46,False,False,332,170,3,451,,
14057278,GarminPush,46742|2018-08-18T06:36:27,11.69059,3776281,1:02:56,11.1448602474233,162,179,81,18/08/18 8:36,18/08/18 6:36,18/08/18 7:42,18/08/18 7:42,False,False,77,77,2,546,,
14041555,GarminPush,46742|2018-08-16T08:19:38,12.42987,3766245,1:02:46,11.8812058164033,169,178,115,16/08/18 10:20,16/08/18 8:20,16/08/18 9:26,16/08/18 9:26,False,False,57,57,2,594,,
14024410,GarminPush,46742|2018-08-14T04:28:50,7.04828,2180887,36:20,11.6346275620883,164,177,92,14/08/18 6:29,14/08/18 4:29,14/08/18 5:09,14/08/18 5:09,False,False,11,11,1,546,,
14006041,GarminPush,46742|2018-08-12T08:09:23,16.44442,5393743,1:29:53,10.9756642094367,165,177,119,12/08/18 10:09,12/08/18 8:09,12/08/18 9:47,12/08/18 9:47,False,False,68,68,2,555,,
13991973,GarminPush,46742|2018-08-10T04:44:22,7.28984,2363170,39:23,11.1051782140091,157,170,110,10/08/18 6:44,10/08/18 4:44,10/08/18 5:27,10/08/18 5:27,False,False,37,37,2,516,,
13972143,GarminPush,46742|2018-08-08T04:54:03,6.17682,2133974,35:33,10.4202544173453,151,162,136,8/08/18 6:54,8/08/18 4:54,8/08/18 5:33,8/08/18 5:33,False,False,114,16,2,466,,
13953547,GarminPush,46742|2018-08-06T07:52:49,11.33336,3929619,1:05:29,10.3827103848999,160,174,90,6/08/18 9:53,6/08/18 7:53,6/08/18 9:03,6/08/18 9:03,False,False,76,76,2,497,,
13940990,GarminPush,46742|2018-08-04T06:59:58,13.10912,4323988,1:12:03,10.9141912512246,165,175,71,4/08/18 9:00,4/08/18 7:00,4/08/18 8:17,4/08/18 8:17,False,False,59,59,2,538,,
13925718,GarminPush,46742|2018-08-02T05:15:48,5.54218,1847238,30:47,10.8009081666791,155,167,98,2/08/18 7:16,2/08/18 5:16,2/08/18 5:50,2/08/18 5:50,False,False,30,30,2,483,,
13908200,GarminPush,46742|2018-07-31T04:58:15,12.15025,3827982,1:03:47,11.4266211283125,167,179,86,31/07/18 6:58,31/07/18 4:58,31/07/18 6:17,31/07/18 6:17,False,False,58,58,2,565,,
13884610,GarminPush,46742|2018-07-28T07:27:22,12.63399,4141025,1:09:01,10.9833589509844,169,180,136,28/07/18 9:27,28/07/18 7:27,28/07/18 8:46,28/07/18 8:46,False,False,177,59,2,540,,
13824743,GarminPush,46742|2018-07-22T06:56:22,10.40099,3425153,57:05,10.9319390987789,171,184,106,22/07/18 8:56,22/07/18 6:56,17/10/18 20:33,17/10/18 20:33,False,False,64,64,2,526,pas couru cause douleurs tendon d'achille,
13758378,GarminPush,46742|2018-07-14T07:32:54,11.0804,3674634,1:01:14,10.855350492049,166,177,131,14/07/18 9:33,14/07/18 7:33,14/07/18 8:52,14/07/18 8:52,False,False,63,62,2,525,,
13726048,GarminPush,46742|2018-07-10T03:59:14,9.23741,2900333,48:20,11.4658130635344,158,173,136,10/07/18 5:59,10/07/18 3:59,10/07/18 4:51,10/07/18 4:51,False,False,99,47,3,551,,
13707502,GarminPush,46742|2018-07-08T05:30:19,6.0599,1983852,33:03,10.9966066017021,151,166,100,8/07/18 7:30,8/07/18 5:30,8/07/18 6:07,8/07/18 6:07,False,False,62,61,2,499,,
13700554,GarminPush,46742|2018-07-07T06:40:07,10.51941,3242269,54:02,11.6800536907949,168,182,145,7/07/18 8:40,7/07/18 6:40,7/07/18 7:38,7/07/18 7:38,False,False,37,36,2,572,,
13686240,GarminPush,46742|2018-07-05T04:01:11,8.46307,2682554,44:42,11.357479476648,161,175,107,5/07/18 6:01,5/07/18 4:01,5/07/18 4:49,5/07/18 4:49,False,False,49,49,2,540,,
13663022,GarminPush,46742|2018-07-02T03:56:59,8.1491,2754752,45:54,10.6495103733476,152,163,70,2/07/18 5:57,2/07/18 3:57,2/07/18 4:51,2/07/18 4:51,False,False,53,53,2,495,,
13655328,GarminPush,46742|2018-07-01T05:40:33,13.41802,4321124,1:12:01,11.1787747817466,163,176,94,1/07/18 7:41,1/07/18 5:41,1/07/18 8:22,1/07/18 8:22,False,False,62,62,2,556,"difficile, très chaud",
13641978,GarminPush,46742|2018-06-29T04:07:55,7.0418,2353476,39:13,10.7715056367688,154,165,121,29/06/18 6:08,29/06/18 4:08,29/06/18 4:52,29/06/18 4:52,False,False,43,43,2,494,,
13629283,GarminPush,46742|2018-06-27T04:03:51,9.32228,2881665,48:01,11.6461170885582,166,179,86,27/06/18 6:04,27/06/18 4:04,27/06/18 4:56,27/06/18 4:56,False,False,69,70,2,563,,
13609523,GarminPush,46742|2018-06-25T04:14:22,7.10333,2257106,37:37,11.3295467736119,156,172,113,25/06/18 6:14,25/06/18 4:14,25/06/18 4:57,25/06/18 4:57,False,False,39,39,2,528,,
13596050,GarminPush,46742|2018-06-23T07:07:54,17.45282,5577908,1:32:57,11.2641069017273,156,168,80,23/06/18 9:08,23/06/18 7:08,23/06/18 8:48,23/06/18 8:48,False,False,112,112,2,576,,
13580956,GarminPush,46742|2018-06-21T03:56:23,9.29475,3030332,50:30,11.0420574379309,152,160,96,21/06/18 5:56,21/06/18 3:56,21/06/18 4:52,21/06/18 4:52,False,False,37,38,2,526,,
13575750,GarminPush,46742|2018-06-20T04:02:11,5.21446,1723037,28:43,10.8947492131626,151,162,85,20/06/18 6:02,20/06/18 4:02,20/06/18 4:35,20/06/18 4:35,False,False,15,16,2,485,,
13553177,GarminPush,46742|2018-06-17T07:00:36,17.10025,5271966,1:27:51,11.6770290248458,164,178,88,17/06/18 9:01,17/06/18 7:01,17/06/18 8:36,17/06/18 8:36,False,False,74,74,2,601,,
13540498,GarminPush,46742|2018-06-15T03:59:59,8.20867,2624974,43:44,11.2577160764259,158,170,95,15/06/18 6:00,15/06/18 4:00,15/06/18 4:49,15/06/18 4:49,False,False,17,17,2,532,,
13519673,GarminPush,46742|2018-06-12T18:45:34,10.02615,3220898,53:40,11.2062350313484,160,175,76,12/06/18 20:46,12/06/18 18:46,12/06/18 19:44,12/06/18 19:44,False,False,41,41,2,540,,
13493307,GarminPush,46742|2018-06-10T07:02:05,6.53938,2085185,34:45,11.2900140754897,155,171,83,10/06/18 9:02,10/06/18 7:02,10/06/18 7:40,10/06/18 7:40,False,False,10,10,1,521,,
13485753,GarminPush,46742|2018-06-09T07:45:20,16.70491,5565858,1:32:45,10.8047449288142,158,170,96,9/06/18 9:45,9/06/18 7:45,9/06/18 9:23,9/06/18 9:23,False,False,111,111,2,545,,
13474949,GarminPush,46742|2018-06-07T19:00:17,12.26189,3997641,1:06:37,11.0422131452024,165,175,75,7/06/18 21:00,7/06/18 19:00,7/06/18 20:11,7/06/18 20:11,False,False,39,39,2,542,,
13469335,GarminPush,46742|2018-06-06T18:48:17,6.14541,2074729,34:34,10.6633087984021,158,166,73,6/06/18 20:48,6/06/18 18:48,6/06/18 19:26,6/06/18 19:26,False,False,16,16,2,480,,
13434165,GarminPush,46742|2018-06-03T07:43:34,11.31099,3594441,59:54,11.3284830659343,168,180,94,3/06/18 9:44,3/06/18 7:44,3/06/18 8:52,3/06/18 8:52,False,False,62,62,2,555,,
13390050,GarminPush,46742|2018-05-29T04:01:42,8.31689,2486332,41:26,12.0421584888905,171,182,104,29/05/18 6:02,29/05/18 4:02,29/05/18 4:47,29/05/18 4:47,False,False,21,986,2,580,,
13354987,GarminPush,46742|2018-05-24T13:16:47,5.03686,1628264,27:08,11.1362137835142,151,167,84,24/05/18 6:17,24/05/18 13:17,24/05/18 13:45,24/05/18 13:45,False,False,45,44,2,497,,
13317950,GarminPush,46742|2018-05-21T13:03:21,11.58561,3857449,1:04:17,10.812377817568,155,175,64,21/05/18 6:03,21/05/18 13:03,21/05/18 14:19,21/05/18 14:19,False,False,120,119,2,525,,
13282673,GarminPush,46742|2018-05-18T12:34:52,10.18302,3233508,53:53,11.337183022278,158,175,120,18/05/18 6:35,18/05/18 12:35,18/05/18 13:30,18/05/18 13:30,False,False,215,220,3,549,,
13220697,GarminPush,46742|2018-05-14T13:38:49,4.6054,1525195,25:25,10.8703739521832,155,170,123,14/05/18 6:39,14/05/18 13:39,14/05/18 14:06,14/05/18 14:06,False,False,25,25,2,477,,
13200512,GarminPush,46742|2018-05-12T13:08:48,8.12119,2501306,41:41,11.6884075758824,161,175,73,12/05/18 6:09,12/05/18 13:09,12/05/18 13:56,12/05/18 13:56,False,False,35,34,2,557,,
13154793,GarminPush,46742|2018-05-08T13:28:02,7.52868,2402033,40:02,11.2834619674251,157,174,118,8/05/18 6:28,8/05/18 13:28,8/05/18 16:57,8/05/18 16:57,False,False,30,30,2,529,,
13136569,GarminPush,46742|2018-05-06T13:05:00,8.52926,2770064,46:10,11.0847027361101,158,171,129,6/05/18 6:05,6/05/18 13:05,6/05/18 14:25,6/05/18 14:25,False,False,34,120,2,524,,
13114823,GarminPush,46742|2018-05-03T04:07:15,8.17686,2650856,44:10,11.1046001744342,155,176,133,3/05/18 6:07,3/05/18 4:07,3/05/18 4:55,3/05/18 4:55,False,False,53,53,2,523,,
13083172,GarminPush,46742|2018-04-29T05:51:55,13.07581,4266154,1:11:06,11.0340404964284,153,167,109,29/04/18 7:52,29/04/18 5:52,29/04/18 7:09,29/04/18 7:09,False,False,51,51,2,545,,
13075150,GarminPush,46742|2018-04-28T08:02:12,12.87475,4198418,1:09:58,11.0396582712822,159,169,122,28/04/18 10:02,28/04/18 8:02,28/04/18 9:17,28/04/18 9:17,False,False,235,233,3,545,,
13069627,GarminPush,46742|2018-04-27T04:54:24,6.11134,2007581,33:27,10.9588723941898,157,170,102,27/04/18 6:54,27/04/18 4:54,27/04/18 5:32,27/04/18 5:32,False,False,25,25,2,498,,
13057152,GarminPush,46742|2018-04-26T05:05:18,6.77281,2214804,36:54,11.0087014471709,156,166,93,26/04/18 7:05,26/04/18 5:05,26/04/18 5:45,26/04/18 5:45,False,False,10,10,2,506,,
13052573,GarminPush,46742|2018-04-25T17:59:03,10.35237,3464036,57:44,10.7587022767662,157,167,139,25/04/18 19:59,25/04/18 17:59,25/04/18 19:00,25/04/18 19:00,False,False,39,94,2,515,,
13014514,GarminPush,46742|2018-04-22T07:06:51,12.22699,4182687,1:09:42,10.5236571610546,150,161,113,22/04/18 9:07,22/04/18 7:07,22/04/18 8:23,22/04/18 8:23,False,False,83,83,2,510,,
13008847,GarminPush,46742|2018-04-21T07:18:49,14.06848,4395857,1:13:15,11.521423012623,164,177,137,21/04/18 9:19,21/04/18 7:19,21/04/18 8:46,21/04/18 8:46,False,False,83,83,2,580,,
13002708,GarminPush,46742|2018-04-20T04:02:08,2.69722,927539,15:27,10.4685538829095,145,157,86,20/04/18 6:02,20/04/18 4:02,20/04/18 4:19,20/04/18 4:19,False,False,5,5,1,417,,
12995599,GarminPush,46742|2018-04-18T18:36:55,12.5811,4212511,1:10:12,10.7517725176267,161,174,102,18/04/18 20:37,18/04/18 18:37,18/04/18 19:52,18/04/18 19:52,False,False,48,48,2,526,,
12963435,GarminPush,46742|2018-04-15T06:36:35,19.2437,6103927,1:41:43,11.3496311472926,166,183,121,15/04/18 8:37,15/04/18 6:37,15/04/18 8:27,15/04/18 8:27,False,False,100,102,2,587,,
12950528,GarminPush,46742|2018-04-13T04:09:49,9.65606,3093908,51:33,11.2355687370148,157,173,100,13/04/18 6:10,13/04/18 4:10,13/04/18 5:05,13/04/18 5:05,False,False,19,19,2,540,,
12943341,GarminPush,46742|2018-04-11T18:56:13,12.09778,3921785,1:05:21,11.1051493133866,157,165,65,11/04/18 20:56,11/04/18 18:56,11/04/18 20:06,11/04/18 20:06,False,False,39,39,2,545,,
12914250,GarminPush,46742|2018-04-08T07:46:37,6.03428,1733329,28:53,12.5327667165322,160,183,92,8/04/18 9:47,8/04/18 7:47,8/04/18 8:31,8/04/18 8:31,False,False,26,27,2,590,,
12914248,GarminPush,46742|2018-04-08T06:59:37,6.03707,1930294,32:10,11.2591408355411,157,166,135,8/04/18 9:00,8/04/18 7:00,8/04/18 8:31,8/04/18 8:31,False,False,28,33,2,515,,
12907604,GarminPush,46742|2018-04-07T07:51:12,14.00976,4413251,1:13:33,11.4281141045456,164,178,102,7/04/18 9:51,7/04/18 7:51,7/04/18 9:12,7/04/18 9:12,False,False,51,52,2,574,,
12893906,GarminPush,46742|2018-04-05T04:41:51,8.81715,2867399,47:47,11.0698720338537,154,165,125,5/04/18 6:42,5/04/18 4:42,5/04/18 5:34,5/04/18 5:34,False,False,22,21,2,525,,
12879110,GarminPush,46742|2018-04-03T06:34:40,12.56857,4217899,1:10:17,10.7273436371995,156,167,111,3/04/18 8:35,3/04/18 6:35,3/04/18 7:51,3/04/18 7:51,False,False,44,44,2,524,,
12867719,GarminPush,46742|2018-04-02T08:58:06,10.34352,3492571,58:12,10.6616793187597,159,172,87,2/04/18 10:58,2/04/18 8:58,2/04/18 10:10,2/04/18 10:10,False,False,79,79,2,509,,
12859684,GarminPush,46742|2018-04-01T09:24:24,11.38568,3441638,57:21,11.9095756148671,168,189,99,1/04/18 11:24,1/04/18 9:24,1/04/18 10:32,1/04/18 10:32,False,False,47,47,2,591,,
12830673,GarminPush,46742|2018-03-28T03:55:53,9.34673,3009066,50:09,11.1822831403499,157,167,134,28/03/18 5:56,28/03/18 3:56,28/03/18 4:50,28/03/18 4:50,False,False,187,407,3,535,,
12808982,GarminPush,46742|2018-03-26T07:58:49,10.19019,3450959,57:30,10.6302868275166,154,161,106,26/03/18 9:59,26/03/18 7:59,26/03/18 9:06,26/03/18 9:06,False,False,60,61,2,506,,
12799821,GarminPush,46742|2018-03-25T08:30:14,14.3744,4655996,1:17:35,11.1142363524367,163,187,87,25/03/18 10:30,25/03/18 8:30,25/03/18 11:05,25/03/18 11:05,False,False,64,64,2,556,,
12782211,GarminPush,46742|2018-03-23T05:12:12,9.062,2861369,47:41,11.4012558324355,162,171,93,23/03/18 6:12,23/03/18 5:12,23/03/18 6:04,23/03/18 6:04,False,False,18,17,2,546,,
12764426,GarminPush,46742|2018-03-20T19:41:25,8.60741,2950831,49:10,10.5009998878282,161,179,103,20/03/18 20:41,20/03/18 19:41,20/03/18 21:05,20/03/18 21:05,False,False,37,36,2,489,,
12739191,GarminPush,46742|2018-03-18T07:31:32,18.31065,5719107,1:35:19,11.5259847385265,162,179,125,18/03/18 8:32,18/03/18 7:32,18/03/18 9:14,18/03/18 9:14,False,False,64,65,2,595,,
12716315,GarminPush,46742|2018-03-14T19:32:48,11.26541,3687140,1:01:27,10.999169003618,162,178,104,14/03/18 20:33,14/03/18 19:33,14/03/18 20:43,14/03/18 20:43,False,False,68,68,2,535,,
12681581,GarminPush,46742|2018-03-11T07:53:30,14.18038,4509783,1:15:09,11.3196949831067,165,178,86,11/03/18 8:54,11/03/18 7:54,11/03/18 9:14,11/03/18 9:14,False,False,61,61,2,568,,
12674438,GarminPush,46742|2018-03-10T09:58:34,10.49409,3410825,56:50,11.0761249844246,163,177,92,10/03/18 10:59,10/03/18 9:59,10/03/18 11:05,10/03/18 11:05,False,False,48,48,2,535,,
12659814,GarminPush,46742|2018-03-09T05:14:59,2.34236,814177,13:34,10.3570796030839,153,170,92,9/03/18 6:15,9/03/18 5:15,9/03/18 5:31,9/03/18 5:31,False,False,11,11,2,399,,
12650964,GarminPush,46742|2018-03-08T05:09:16,5.31709,1826030,30:26,10.4825900998341,155,168,139,8/03/18 6:09,8/03/18 5:09,8/03/18 5:43,8/03/18 5:43,False,False,27,26,2,462,,
12633679,GarminPush,46742|2018-03-06T05:01:46,9.1338,3199421,53:19,10.2773845642696,155,170,100,6/03/18 6:02,6/03/18 5:02,6/03/18 6:00,6/03/18 6:00,False,False,210,209,4,479,,
12615822,GarminPush,46742|2018-03-04T08:00:11,12.1358,3688727,1:01:28,11.8438908599091,168,179,103,4/03/18 9:00,4/03/18 8:00,4/03/18 9:21,4/03/18 9:21,False,False,41,41,2,590,,
12604605,GarminPush,46742|2018-03-03T09:04:32,11.13271,3568255,59:28,11.2317522150183,164,185,69,3/03/18 10:05,3/03/18 9:05,3/03/18 10:11,3/03/18 10:11,False,False,131,148,3,548,,
12558358,GarminPush,46742|2018-02-26T07:22:27,6.29531,1933809,32:13,11.7194179983649,165,176,134,26/02/18 8:22,26/02/18 7:22,26/02/18 8:00,26/02/18 8:00,False,False,41,41,2,544,,
12548297,GarminPush,46742|2018-02-25T09:34:53,12.19929,4299830,1:11:39,10.2137628696948,161,182,119,25/02/18 10:35,25/02/18 9:35,25/02/18 10:54,25/02/18 10:54,False,False,123,123,2,491,,
12539097,GarminPush,46742|2018-02-24T08:46:53,10.4647,3597778,59:57,10.4711630345174,158,170,86,24/02/18 9:47,24/02/18 8:47,24/02/18 19:08,24/02/18 19:08,False,False,98,97,2,498,"pas couru depuis 1 semaine pour cause de contracture, bronchite, froid et pollution... dur dur",
12456394,GarminPush,46742|2018-02-17T08:54:50,11.4451,3699312,1:01:39,11.1378440099132,164,186,116,17/02/18 9:55,17/02/18 8:55,24/02/18 10:36,24/02/18 10:36,False,False,173,176,3,544,Contracture mollet gauche vers 4.5 km,Injured
12437344,GarminPush,46742|2018-02-15T05:03:57,9.87652,3342522,55:42,10.6373187670866,156,169,90,15/02/18 6:04,15/02/18 5:04,15/02/18 6:04,15/02/18 6:04,False,False,186,185,3,505,,
12418555,GarminPush,46742|2018-02-13T05:10:57,6.07798,1903970,31:43,11.4921600655473,166,174,118,13/02/18 6:11,13/02/18 5:11,13/02/18 5:46,13/02/18 5:46,False,False,103,102,3,529,,
12398355,GarminPush,46742|2018-02-11T14:22:08,17.08719,5522938,1:32:02,11.137891462841,162,177,146,11/02/18 15:22,11/02/18 14:22,26/02/18 18:26,26/02/18 18:26,False,False,322,320,3,567,pas couru à cause de la neige,
12300421,GarminPush,46742|2018-02-04T14:12:34,15.63708,5015364,1:23:35,11.2242078541059,161,181,95,4/02/18 15:13,4/02/18 14:13,24/02/18 10:36,24/02/18 10:36,False,False,321,319,3,567,Contracture au mollet gauche vers le km 7,Injured
12250973,GarminPush,46742|2018-02-01T05:06:22,9.36446,2874048,47:54,11.7298166210168,165,176,106,1/02/18 6:06,1/02/18 5:06,1/02/18 5:58,1/02/18 5:58,False,False,167,166,3,568,,
12221037,GarminPush,46742|2018-01-30T05:01:24,9.39551,3072073,51:12,11.0101016479752,158,173,92,30/01/18 6:01,30/01/18 5:01,30/01/18 5:58,30/01/18 5:58,False,False,164,167,3,525,,
12196340,GarminPush,46742|2018-01-28T07:14:02,17.0564,5358972,1:29:18,11.4579885843778,161,179,107,28/01/18 8:14,28/01/18 7:14,28/01/18 8:58,28/01/18 8:58,False,False,357,361,3,587,,
12181706,GarminPush,46742|2018-01-26T05:02:28,10.31823,3202714,53:22,11.5981720503298,164,178,79,26/01/18 6:02,26/01/18 5:02,26/01/18 6:01,26/01/18 6:01,False,False,218,218,3,566,,
12159425,GarminPush,46742|2018-01-23T05:03:52,8.06336,2605282,43:25,11.142016871878,157,169,99,23/01/18 6:04,23/01/18 5:04,23/01/18 5:51,23/01/18 5:51,False,False,133,133,3,524,,
12138055,GarminPush,46742|2018-01-21T07:58:57,13.52009,4307088,1:11:47,11.3005176583344,161,173,109,21/01/18 8:59,21/01/18 7:59,21/01/18 9:13,21/01/18 9:13,False,False,242,245,3,564,,
12107071,GarminPush,46742|2018-01-18T19:37:24,8.3198,2665300,44:25,11.2374892132218,160,176,117,18/01/18 20:37,18/01/18 19:37,18/01/18 21:08,18/01/18 21:08,False,False,158,157,3,532,,
12074995,GarminPush,46742|2018-01-15T19:16:45,8.21837,2650671,44:10,11.1617518733936,163,179,110,15/01/18 20:17,15/01/18 19:17,15/01/18 20:06,15/01/18 20:06,False,False,155,152,3,526,,
12024278,GarminPush,46742|2018-01-13T08:34:41,17.56464,5870649,1:37:50,10.7709903964621,161,177,122,13/01/18 9:35,13/01/18 8:35,13/01/18 10:32,13/01/18 10:32,False,False,378,386,3,546,,
11976343,GarminPush,46742|2018-01-09T06:05:44,8.04672,2640390,44:00,10.9711792576097,166,175,87,9/01/18 7:06,9/01/18 6:06,9/01/18 6:56,9/01/18 6:56,False,False,172,173,3,514,,
11924724,GarminPush,46742|2018-01-06T09:39:04,3.88133,1177067,19:37,11.8708518716437,168,180,128,6/01/18 10:39,6/01/18 9:39,6/01/18 10:06,6/01/18 10:06,False,False,65,57,3,524,,
11924718,GarminPush,46742|2018-01-06T08:46:19,9.00291,3033591,50:33,10.6838647662127,162,173,135,6/01/18 9:46,6/01/18 8:46,6/01/18 10:04,6/01/18 10:04,False,False,265,271,4,503,,
11895537,GarminPush,46742|2018-01-03T20:07:04,7.48798,2548998,42:28,10.5754214008799,163,173,95,3/01/18 21:07,3/01/18 20:07,4/01/18 6:41,4/01/18 6:41,False,False,139,138,3,486,,
11825142,TomTom,46742|2018-01-01T08:19:52,12.23468,3797000,1:03:17,11.5999072952331,166,183,75,1/01/18 9:20,1/01/18 8:20,1/01/18 10:02,1/01/18 10:02,False,False,177,177,3,576,,
11770860,TomTom,46742|2017-12-29T08:20:28,9.65606,3567000,59:27,9.74539276703112,151,169,59,29/12/17 9:20,29/12/17 8:20,29/12/17 10:00,29/12/17 10:00,False,False,82,83,2,450,,
11745076,TomTom,46742|2017-12-27T08:29:32,16.45638,5659000,1:34:19,10.4688050892384,159,174,75,27/12/17 9:30,27/12/17 8:30,27/12/17 10:23,27/12/17 10:23,False,False,119,118,2,524,,
11708471,TomTom,46742|2017-12-24T09:27:26,10.3513,3733000,1:02:13,9.98250200910796,154,167,67,24/12/17 10:27,24/12/17 9:27,24/12/17 10:53,24/12/17 10:53,False,False,91,91,2,468,,
11622526,TomTom,46742|2017-12-16T09:31:49,8.2866,2672000,44:32,11.1645808383234,165,193,99,16/12/17 10:32,16/12/17 9:32,16/12/17 10:47,16/12/17 10:47,False,False,118,115,3,527,,
11561948,TomTom,46742|2017-12-10T08:37:11,7.5801,2524000,42:04,10.8115530903328,162,177,76,10/12/17 9:37,10/12/17 8:37,10/12/17 9:43,10/12/17 9:43,False,False,116,117,3,501,,Injured
11510440,TomTom,46742|2017-12-05T05:11:01,6.31462,1974000,32:54,11.5160243161094,161,175,84,5/12/17 6:11,5/12/17 5:11,5/12/17 6:18,5/12/17 6:18,False,False,75,75,2,533,,
11487536,TomTom,46742|2017-12-03T08:40:02,5.77127,1842000,30:42,11.2793550488599,159,180,68,3/12/17 9:40,3/12/17 8:40,3/12/17 9:34,3/12/17 9:34,False,False,51,50,2,514,,
11474405,TomTom,46742|2017-12-02T09:45:40,10.51572,3405000,56:45,11.1179418502203,164,176,62,2/12/17 10:46,2/12/17 9:46,2/12/17 10:56,2/12/17 10:56,False,False,92,92,2,538,,
11442959,TomTom,46742|2017-11-28T18:46:35,10.05889,3183000,53:03,11.3766899151744,162,187,78,28/11/17 19:47,28/11/17 18:47,28/11/17 20:06,28/11/17 20:06,False,False,215,214,3,551,,
11402057,TomTom,46742|2017-11-25T08:53:58,12.71916,4091000,1:08:11,11.1926120752872,162,180,78,25/11/17 9:54,25/11/17 8:54,25/11/17 10:49,25/11/17 10:49,False,False,271,270,3,554,,
11380845,TomTom,46742|2017-11-23T05:21:52,5.55962,1693000,28:13,11.8219917306556,165,181,80,23/11/17 6:22,23/11/17 5:22,23/11/17 6:28,23/11/17 6:28,False,False,65,66,3,543,,
11339523,TomTom,46742|2017-11-20T18:38:49,6.81855,2243000,37:23,10.9437271511369,162,177,77,20/11/17 19:39,20/11/17 18:39,20/11/17 19:44,20/11/17 19:44,False,False,105,104,3,503,,
11304582,TomTom,46742|2017-11-18T09:35:41,8.60097,2797000,46:37,11.0702509831963,162,179,68,18/11/17 10:36,18/11/17 9:36,18/11/17 10:56,18/11/17 10:56,False,False,125,120,3,523,,
11235896,TomTom,46742|2017-11-12T07:42:01,6.15412,2261000,37:41,9.79868730650155,158,173,70,12/11/17 8:42,12/11/17 7:42,12/11/17 16:25,12/11/17 16:25,False,False,54,54,2,429,,
11064546,TomTom,46742|2017-10-28T08:59:49,17.12259,5555000,1:32:35,11.0965479747975,164,178,95,28/10/17 11:00,28/10/17 9:00,24/02/18 10:32,24/02/18 10:32,False,False,252,257,3,565,Grosse douleur au genou gauche à la dernière minute,Injured
11046234,TomTom,46742|2017-10-26T04:13:21,6.19385,1851000,30:51,12.0463857374392,167,181,68,26/10/17 6:13,26/10/17 4:13,26/10/17 5:26,26/10/17 5:26,False,False,71,72,3,563,,
11023593,TomTom,46742|2017-10-24T04:17:46,5.637,1740000,29:00,11.6627586206897,162,186,78,24/10/17 6:18,24/10/17 4:18,24/10/17 5:27,24/10/17 5:27,False,False,68,71,3,535,,
10997596,TomTom,46742|2017-10-22T07:34:31,11.63986,3654000,1:00:54,11.467842364532,163,180,59,22/10/17 9:35,22/10/17 7:35,22/10/17 8:53,22/10/17 8:53,False,False,97,97,2,565,,
10986593,TomTom,46742|2017-10-21T07:00:36,6.32518,1952000,32:32,11.6652909836066,161,175,76,21/10/17 9:01,21/10/17 7:01,21/10/17 7:55,21/10/17 7:55,False,False,74,74,3,541,,
10959520,TomTom,46742|2017-10-19T04:04:40,8.75277,2751000,45:51,11.4540065430752,166,176,66,19/10/17 6:05,19/10/17 4:05,19/10/17 5:35,19/10/17 5:35,False,False,146,148,3,547,,
10906500,TomTom,46742|2017-10-16T04:14:12,5.7366,1807000,30:07,11.42875484228,160,173,68,16/10/17 6:14,16/10/17 4:14,16/10/17 5:11,16/10/17 5:11,False,False,70,71,3,522,,
10897296,TomTom,46742|2017-10-15T07:21:11,12.135,3735000,1:02:15,11.6963855421687,169,177,82,15/10/17 9:21,15/10/17 7:21,15/10/17 12:17,15/10/17 12:17,False,False,252,253,3,581,,
10867117,TomTom,46742|2017-10-12T04:16:19,8.55144,2705000,45:05,11.3808443622921,167,180,63,12/10/17 6:16,12/10/17 4:16,12/10/17 7:03,12/10/17 7:03,False,False,143,145,3,542,,
10804153,TomTom,46742|2017-10-08T06:57:57,12.58869,4000000,1:06:40,11.329821,164,181,75,8/10/17 8:58,8/10/17 6:58,8/10/17 8:34,8/10/17 8:34,False,False,253,255,3,561,,
10768533,TomTom,46742|2017-10-05T04:14:41,6.09454,2032000,33:52,10.7974133858268,162,180,72,5/10/17 6:15,5/10/17 4:15,5/10/17 7:16,5/10/17 7:16,False,False,71,75,3,488,,
10724501,TomTom,46742|2017-10-02T04:12:52,7.06397,2174000,36:14,11.6974664213431,164,177,68,2/10/17 6:13,2/10/17 4:13,2/10/17 5:30,2/10/17 5:30,False,False,108,108,3,550,,
10697641,TomTom,46742|2017-09-30T08:32:37,12.55998,4016000,1:06:56,11.2589462151394,167,180,75,30/09/17 10:33,30/09/17 8:33,30/09/17 10:32,30/09/17 10:32,False,False,256,258,3,557,,
10661110,TomTom,46742|2017-09-27T04:08:19,8.63601,2709000,45:09,11.4764252491694,168,182,82,27/09/17 6:08,27/09/17 4:08,27/09/17 5:27,27/09/17 5:27,False,False,144,146,3,548,,
10610291,TomTom,46742|2017-09-23T07:52:48,15.53072,5172000,1:26:12,10.8102459396752,166,203,95,23/09/17 9:53,23/09/17 7:53,23/09/17 14:54,23/09/17 14:54,False,False,302,305,3,541,,
10591682,TomTom,46742|2017-09-21T04:11:19,6.22479,1944000,32:24,11.5273888888889,165,177,93,21/09/17 6:11,21/09/17 4:11,21/09/17 7:13,21/09/17 7:13,False,False,89,91,3,532,,
10544044,TomTom,46742|2017-09-17T09:37:02,10.32839,3418000,56:58,10.8783510825044,166,178,138,17/09/17 11:37,17/09/17 9:37,18/09/17 8:02,18/09/17 8:02,False,False,89,89,2,522,,
10507571,TomTom,46742|2017-09-14T04:19:43,6.16349,1960000,32:40,11.3206959183673,160,172,77,14/09/17 6:20,14/09/17 4:20,21/09/17 7:14,21/09/17 7:14,False,False,76,77,3,520,,
10462066,TomTom,46742|2017-09-10T07:44:18,12.63411,4117000,1:08:37,11.0475579305319,164,200,72,10/09/17 9:44,10/09/17 7:44,21/09/17 7:14,21/09/17 7:14,False,False,259,262,3,544,,
10427060,TomTom,46742|2017-09-08T04:24:59,5.73974,1866000,31:06,11.0734533762058,165,175,85,8/09/17 6:25,8/09/17 4:25,21/09/17 7:14,21/09/17 7:14,False,False,73,75,3,501,,
10403201,TomTom,46742|2017-09-06T04:08:58,7.57517,2462000,41:02,11.0766092607636,167,181,79,6/09/17 6:09,6/09/17 4:09,21/09/17 7:14,21/09/17 7:14,False,False,118,122,3,517,,
10376777,TomTom,46742|2017-09-02T08:19:06,10.61853,3399000,56:39,11.2464571932921,171,189,100,2/09/17 10:19,2/09/17 8:19,21/09/17 7:42,21/09/17 7:42,False,False,235,251,3,546,,
10311586,TomTom,46742|2017-08-31T04:12:16,8.38638,2690000,44:50,11.2234081784387,170,181,100,31/08/17 6:12,31/08/17 4:12,31/08/17 7:27,31/08/17 7:27,False,False,142,144,3,531,,
10274673,TomTom,46742|2017-08-29T04:09:31,8.34745,2780000,46:20,10.8096474820144,170,186,78,29/08/17 6:10,29/08/17 4:10,21/09/17 7:43,21/09/17 7:43,False,False,142,144,3,506,,
10257261,FITFile,46742|2017-08-27T15:08:30,5.71688,1895000,31:35,10.8605635883905,169,191,83,27/08/17 17:09,27/08/17 15:09,21/09/17 8:03,21/09/17 8:03,False,False,81,85,3,488,,
10274672,TomTom,46742|2017-08-20T06:56:18,1.70581,539000,8:59,11.3931651205937,156,169,93,20/08/17 8:56,20/08/17 6:56,29/08/17 7:41,29/08/17 7:41,False,False,58,70,4,425,,
10108924,TomTom,46742|2017-08-14T07:34:34,8.59807,2753000,45:53,11.2433897566291,169,181,95,14/08/17 9:35,14/08/17 7:35,18/08/17 8:33,18/08/17 8:33,False,False,93,94,3,534,,
10108923,TomTom,46742|2017-08-12T07:14:10,9.54127,3411000,56:51,10.0699419525066,160,171,61,12/08/17 9:14,12/08/17 7:14,21/09/17 8:02,21/09/17 8:02,False,False,71,72,2,469,,
10108922,TomTom,46742|2017-08-07T04:10:27,5.56991,1707000,28:27,11.7467346221441,176,218,59,7/08/17 6:10,7/08/17 4:10,18/08/17 8:33,18/08/17 8:33,False,False,69,70,3,539,,
10108921,TomTom,46742|2017-08-05T06:26:49,13.53423,4697000,1:18:17,10.3732654886098,162,175,95,5/08/17 8:27,5/08/17 6:27,18/08/17 8:33,18/08/17 8:33,False,False,252,257,3,507,,
10108920,TomTom,46742|2017-08-03T04:13:52,8.55379,2727000,45:27,11.2921320132013,170,180,69,3/08/17 6:14,3/08/17 4:14,18/08/17 8:33,18/08/17 8:33,False,False,145,146,3,536,,
10108919,TomTom,46742|2017-08-01T04:08:47,5.36628,1731000,28:51,11.1603743500867,166,176,82,1/08/17 6:09,1/08/17 4:09,18/08/17 8:34,18/08/17 8:34,False,False,68,71,3,503,,
10108918,TomTom,46742|2017-07-29T08:29:14,10.05393,3363000,56:03,10.7624585191793,173,181,87,29/07/17 10:29,29/07/17 8:29,18/08/17 8:34,18/08/17 8:34,False,False,86,86,2,514,,
10108917,TomTom,46742|2017-07-22T07:19:09,5.24612,1722000,28:42,10.9674982578397,170,178,88,22/07/17 9:19,22/07/17 7:19,21/09/17 8:19,21/09/17 8:19,False,False,66,70,3,490,,
10108916,TomTom,46742|2017-07-20T03:59:19,8.29366,2792000,46:32,10.6938309455587,165,177,83,20/07/17 5:59,20/07/17 3:59,18/08/17 8:34,18/08/17 8:34,False,False,141,144,3,499,,
10108915,TomTom,46742|2017-07-15T06:18:02,10.20055,3427000,57:07,10.7154887656843,167,175,73,15/07/17 8:18,15/07/17 6:18,18/08/17 8:34,18/08/17 8:34,False,False,85,85,2,512,,
10108914,TomTom,46742|2017-07-11T04:13:08,5.3928,1666000,27:46,11.6531092436975,169,175,92,11/07/17 6:13,11/07/17 4:13,18/08/17 8:34,18/08/17 8:34,False,False,66,70,3,532,,
10108913,TomTom,46742|2017-07-08T06:05:00,7.12293,2468000,41:08,10.3900113452188,159,173,55,8/07/17 8:05,8/07/17 6:05,18/08/17 8:34,18/08/17 8:34,False,False,92,89,3,472,,
10108912,TomTom,46742|2017-07-08T05:54:00,1.70721,566000,9:26,10.8585795053004,159,172,76,8/07/17 7:54,8/07/17 5:54,18/08/17 8:34,18/08/17 8:34,False,False,44,45,4,395,,
10108911,TomTom,46742|2017-07-04T04:24:11,5.43564,1699000,28:19,11.5175420835786,171,195,80,4/07/17 6:24,4/07/17 4:24,18/08/17 8:34,18/08/17 8:34,False,False,66,69,3,524,,
10108910,TomTom,46742|2017-07-01T07:03:45,5.59696,1791000,29:51,11.2501708542714,172,181,92,1/07/17 9:04,1/07/17 7:04,18/08/17 8:34,18/08/17 8:34,False,False,68,72,3,510,,

